========================== Mod Loader 0.3.7 ==========================

Game version: GTA SA 1.0 US
Loading basic config file modloader/.data/config.ini

Parsing command line
Loaded fallback menu fxt

Looking for plugins...
Reading plugins.ini
Loading plugin module "gta3\std.asi.dll"
Plugin module "gta3\std.asi.dll" loaded as gta3.std.asi Jan 16 2018 17:44:17 by LINK/2012
Starting up plugin "gta3.std.asi"
CLEO library version 5020000 found at "CLEO.asi"
Loading plugin module "gta3\std.bank.dll"
Plugin module "gta3\std.bank.dll" loaded as gta3.std.bank Nov 12 2016 18:52:34 by LINK/2012
Starting up plugin "gta3.std.bank"
Loading plugin module "gta3\std.data.dll"
Plugin module "gta3\std.data.dll" loaded as gta3.std.data Nov 12 2016 18:52:35 by LINK/2012
Starting up plugin "gta3.std.data"
Loading plugin module "gta3\std.fx.dll"
Plugin module "gta3\std.fx.dll" loaded as gta3.std.fx Nov 12 2016 18:52:38 by LINK/2012
Starting up plugin "gta3.std.fx"
Loading plugin module "gta3\std.movies.dll"
Plugin module "gta3\std.movies.dll" loaded as gta3.std.movies Nov 12 2016 18:52:50 by LINK/2012
Starting up plugin "gta3.std.movies"
Loading plugin module "gta3\std.scm.dll"
Plugin module "gta3\std.scm.dll" loaded as gta3.std.scm Nov 12 2016 18:53:09 by LINK/2012
Starting up plugin "gta3.std.scm"
Loading plugin module "gta3\std.sprites.dll"
Plugin module "gta3\std.sprites.dll" loaded as gta3.std.sprites Nov 12 2016 18:53:10 by LINK/2012
Starting up plugin "gta3.std.sprites"
Loading plugin module "gta3\std.stream.dll"
Plugin module "gta3\std.stream.dll" loaded as gta3.std.stream Jan 16 2018 17:44:17 by LINK/2012
Starting up plugin "gta3.std.stream"
Loading plugin module "gta3\std.text.dll"
Plugin module "gta3\std.text.dll" loaded as gta3.std.text Nov 12 2016 18:52:34 by LINK/2012
Starting up plugin "gta3.std.text"
Loading plugin module "gta3\std.tracks.dll"
Plugin module "gta3\std.tracks.dll" loaded as gta3.std.tracks Nov 12 2016 18:52:33 by LINK/2012
Starting up plugin "gta3.std.tracks"
Reading profile named "Default" at "modloader.ini".
Using profile named "Default".
Using profile named "Default"


Scanning mods at "modloader\"...

Scanning files at "modloader\bullet hole mod\"...
Found file [0x00000001F996C8AC] "bullethole.asi" with handler "gta3.std.asi"
No handler or callme for file "bullethole.ini"
No handler or callme for file "bullethole.png"
No handler or callme for file "bullethole_material.json"
No handler or callme for file "bullethole_texture.json"
No handler or callme for file "bullethole_weapon.json"
Found file [0x000000019ECF798D] "d3d9.dll" with handler "gta3.std.asi"
Found file [0xFFFFFFFFFFFFFFFF] "Léeme-Readme.txt" with handler "<none>"
No handler or callme for file "vorbisFile.dll"
No handler or callme for file "vorbishooked.dll"

Scanning files at "modloader\country lightning fix by inari lú\"...
Found file [0x0000010424E4F5E6] "brownwater.dff" with handler "gta3.std.stream"
Found file [0x00000104E1A412D6] "bwidgecuntw.dff" with handler "gta3.std.stream"
Found file [0x0000010403B12BCA] "cehollyhil16a.dff" with handler "gta3.std.stream"
Found file [0x00000104CBF955ED] "cehollyhil17a.dff" with handler "gta3.std.stream"
Found file [0x0000010422894D77] "concretearch1.dff" with handler "gta3.std.stream"
Found file [0x0000010424A6DF08] "cs_landbit_25_a.dff" with handler "gta3.std.stream"
Found file [0x00000104CE194865] "cs_landbit_33_a.dff" with handler "gta3.std.stream"
Found file [0x0000010477D910BB] "cs_landbit_44_a.dff" with handler "gta3.std.stream"
Found file [0x0000010455BA70FC] "cuntfrates02.dff" with handler "gta3.std.stream"
Found file [0x00000104F594288F] "cuntfrates1.dff" with handler "gta3.std.stream"
Found file [0x000001040F560838] "cuntgrsilos.dff" with handler "gta3.std.stream"
Found file [0x00000104EB99F59D] "cuntplant05.dff" with handler "gta3.std.stream"
Found file [0x00000104DC9630B6] "cuntplant06.dff" with handler "gta3.std.stream"
Found file [0x00000104A971B6E8] "cuntwland01b.dff" with handler "gta3.std.stream"
Found file [0x00000104190617F9] "cuntwland02b.dff" with handler "gta3.std.stream"
Found file [0x000001043126A850] "cuntwland02c.dff" with handler "gta3.std.stream"
Found file [0x00000104A567DE7E] "cuntwland03b.dff" with handler "gta3.std.stream"
Found file [0x00000104D47581FF] "cuntwland04b.dff" with handler "gta3.std.stream"
Found file [0x0000010457BB01D4] "cuntwland05b.dff" with handler "gta3.std.stream"
Found file [0x000001041553A265] "cuntwland06b.dff" with handler "gta3.std.stream"
Found file [0x00000104114F660A] "cuntwland07b.dff" with handler "gta3.std.stream"
Found file [0x00000104BC31C66B] "cuntwland08b.dff" with handler "gta3.std.stream"
Found file [0x00000104AD137200] "cuntwland09b.dff" with handler "gta3.std.stream"
Found file [0x00000104E2E0F820] "cuntwland10bb.dff" with handler "gta3.std.stream"
Found file [0x00000104E9AA1A6D] "cuntwland11b.dff" with handler "gta3.std.stream"
Found file [0x0000010493B3383C] "cuntwland12b.dff" with handler "gta3.std.stream"
Found file [0x00000104FF461247] "cuntwland13b.dff" with handler "gta3.std.stream"
Found file [0x00000104464F7E41] "cuntwland15b.dff" with handler "gta3.std.stream"
Found file [0x000001040A6E8970] "cuntwland16b.dff" with handler "gta3.std.stream"
Found file [0x000001047442CCBF] "cuntwland17_de.dff" with handler "gta3.std.stream"
Found file [0x000001042FDB52D5] "cuntwland19b.dff" with handler "gta3.std.stream"
Found file [0x000001049B7CC771] "cuntwland20b.dff" with handler "gta3.std.stream"
Found file [0x00000104F1930696] "cuntwland21b.dff" with handler "gta3.std.stream"
Found file [0x000001049A9F0B0B] "cuntwland22b.dff" with handler "gta3.std.stream"
Found file [0x0000010418271220] "cuntwland23b.dff" with handler "gta3.std.stream"
Found file [0x000001043763079D] "cuntwland24b.dff" with handler "gta3.std.stream"
Found file [0x000001043631CDC2] "cuntwland25b.dff" with handler "gta3.std.stream"
Found file [0x00000104578A01B7] "cuntwland26b.dff" with handler "gta3.std.stream"
Found file [0x0000010483D5231E] "cuntwland29b.dff" with handler "gta3.std.stream"
Found file [0x00000104EE27A27B] "cuntwland31b.dff" with handler "gta3.std.stream"
Found file [0x000001042E05AC46] "cuntwland32b.dff" with handler "gta3.std.stream"
Found file [0x00000104A25F6861] "cuntwland33b.dff" with handler "gta3.std.stream"
Found file [0x00000104AB2163DC] "cuntwland34b.dff" with handler "gta3.std.stream"
Found file [0x000001048A0DE367] "cuntwland35b.dff" with handler "gta3.std.stream"
Found file [0x00000104022B30B2] "cuntwland36b.dff" with handler "gta3.std.stream"
Found file [0x000001040119D80D] "cuntwland37b.dff" with handler "gta3.std.stream"
Found file [0x00000104DAC9C1B8] "cuntwland38b.dff" with handler "gta3.std.stream"
Found file [0x00000104AA8581E3] "cuntwland39b.dff" with handler "gta3.std.stream"
Found file [0x000001040F234467] "cuntwland40b.dff" with handler "gta3.std.stream"
Found file [0x00000104CC33556E] "cuntwland40c.dff" with handler "gta3.std.stream"
Found file [0x00000104862F390D] "cuntwland42b.dff" with handler "gta3.std.stream"
Found file [0x0000010417D2E490] "cuntwland45b.dff" with handler "gta3.std.stream"
Found file [0x000001042774C961] "cuntwland46b.dff" with handler "gta3.std.stream"
Found file [0x00000104B31B0D46] "cuntwland47b.dff" with handler "gta3.std.stream"
Found file [0x00000104CB81230F] "cuntwland48b.dff" with handler "gta3.std.stream"
Found file [0x000001048A0A0CE4] "cuntwland49b.dff" with handler "gta3.std.stream"
Found file [0x000001040171CBB6] "cuntwland50b.dff" with handler "gta3.std.stream"
Found file [0x00000104AB59F891] "cuntwland51b.dff" with handler "gta3.std.stream"
Found file [0x00000104F94ACA40] "cuntwland52b.dff" with handler "gta3.std.stream"
Found file [0x00000104CC6B3E7D] "cuntwland53bd.dff" with handler "gta3.std.stream"
Found file [0x00000104175718E2] "cuntwland54b.dff" with handler "gta3.std.stream"
Found file [0x00000104A7A7833D] "cuntwland55b.dff" with handler "gta3.std.stream"
Found file [0x0000010460E453F0] "cuntwland56bx.dff" with handler "gta3.std.stream"
Found file [0x00000104205A42BE] "cuntwland58b.dff" with handler "gta3.std.stream"
Found file [0x0000010467B7D839] "cuntwland59b.dff" with handler "gta3.std.stream"
Found file [0x00000104FDE3E3C5] "cuntwland60b.dff" with handler "gta3.std.stream"
Found file [0x0000010449AC1DDF] "cuntwland62b.dff" with handler "gta3.std.stream"
Found file [0x00000104CCF19DB4] "cuntwland63b.dff" with handler "gta3.std.stream"
Found file [0x000001048E3CB3D9] "cuntwland64b.dff" with handler "gta3.std.stream"
Found file [0x00000104BCB32CDE] "cuntwland65b.dff" with handler "gta3.std.stream"
Found file [0x00000104ED6DA933] "cuntwland66b.dff" with handler "gta3.std.stream"
Found file [0x000001041EA852C8] "cuntwland67b.dff" with handler "gta3.std.stream"
Found file [0x000001044186045D] "cuntwland68b.dff" with handler "gta3.std.stream"
Found file [0x000001044054C982] "cuntwland69b.dff" with handler "gta3.std.stream"
Found file [0x000001040F193AA4] "cuntwland70b.dff" with handler "gta3.std.stream"
Found file [0x00000104509051CF] "cuntwland71b.dff" with handler "gta3.std.stream"
Found file [0x00000104F6C7B5DA] "cuntwland72b.dff" with handler "gta3.std.stream"
Found file [0x000001047DAD1E35] "cuntwland73b.dff" with handler "gta3.std.stream"
Found file [0x00000104112BCF78] "cuntwland74b.dff" with handler "gta3.std.stream"
Found file [0x00000104E3638AA3] "cuntwland75b.dff" with handler "gta3.std.stream"
Found file [0x000001048A87954E] "cuntwland76b.dff" with handler "gta3.std.stream"
Found file [0x0000010496FBEC89] "cuntwland77b.dff" with handler "gta3.std.stream"
Found file [0x00000104B7C05B9C] "cuntwland78b.dff" with handler "gta3.std.stream"
Found file [0x0000010496ACDB27] "cuntwland79b.dff" with handler "gta3.std.stream"
Found file [0x000001046E662D4B] "cuntwland80b.dff" with handler "gta3.std.stream"
Found file [0x00000104D070E38F] "cuntwland_de.dff" with handler "gta3.std.stream"
Found file [0x00000104992160AE] "cuntwplant01.dff" with handler "gta3.std.stream"
Found file [0x00000104BC84BB38] "cuntwplant07.dff" with handler "gta3.std.stream"
Found file [0x00000104DADF5488] "cuntwplant10.dff" with handler "gta3.std.stream"
Found file [0x000001049B1D6A11] "cuntwplant11.dff" with handler "gta3.std.stream"
Found file [0x00000104ABA3163A] "cuntwplant12.dff" with handler "gta3.std.stream"
Found file [0x0000010474E29251] "cuntwrail01.dff" with handler "gta3.std.stream"
Found file [0x0000010487E2A77A] "cuntwrail02.dff" with handler "gta3.std.stream"
Found file [0x00000104357516E3] "cuntwrail03.dff" with handler "gta3.std.stream"
Found file [0x00000104409E23FC] "cuntwrail04.dff" with handler "gta3.std.stream"
Found file [0x00000104DA5AE2C3] "cuntwrail04c.dff" with handler "gta3.std.stream"
Found file [0x00000104BAC6AE6E] "cuntwrail04v.dff" with handler "gta3.std.stream"
Found file [0x000001049A03AB33] "cuntwroad01.dff" with handler "gta3.std.stream"
Found file [0x00000104A0C24498] "cuntwroad02.dff" with handler "gta3.std.stream"
Found file [0x000001049F242761] "cuntwroad03.dff" with handler "gta3.std.stream"
Found file [0x00000104F0BA228E] "cuntwroad04.dff" with handler "gta3.std.stream"
Found file [0x00000104C0506C07] "cuntwroad05.dff" with handler "gta3.std.stream"
Found file [0x00000104EFF6158C] "cuntwroad06.dff" with handler "gta3.std.stream"
Found file [0x0000010422E77ED5] "cuntwroad07.dff" with handler "gta3.std.stream"
Found file [0x0000010464E141F2] "cuntwroad08.dff" with handler "gta3.std.stream"
Found file [0x0000010487AB81DB] "cuntwroad09.dff" with handler "gta3.std.stream"
Found file [0x000001042FBF3451] "cuntwroad10.dff" with handler "gta3.std.stream"
Found file [0x0000010471FB87C8] "cuntwroad11.dff" with handler "gta3.std.stream"
Found file [0x00000104F051B8E3] "cuntwroad12.dff" with handler "gta3.std.stream"
Found file [0x0000010442BF497A] "cuntwroad13.dff" with handler "gta3.std.stream"
Found file [0x00000104F3815DC5] "cuntwroad14.dff" with handler "gta3.std.stream"
Found file [0x00000104FB7AC5FC] "cuntwroad15.dff" with handler "gta3.std.stream"
Found file [0x0000010451894A37] "cuntwroad16.dff" with handler "gta3.std.stream"
Found file [0x000001044708307E] "cuntwroad17.dff" with handler "gta3.std.stream"
Found file [0x000001044782CD19] "cuntwroad18.dff" with handler "gta3.std.stream"
Found file [0x000001045FA35E70] "cuntwroad19.dff" with handler "gta3.std.stream"
Found file [0x00000104A2D32C6C] "cuntwroad20.dff" with handler "gta3.std.stream"
Found file [0x000001045FF08635] "cuntwroad21.dff" with handler "gta3.std.stream"
Found file [0x000001042DC32AEE] "cuntwroad22.dff" with handler "gta3.std.stream"
Found file [0x0000010470B319E7] "cuntwroad23.dff" with handler "gta3.std.stream"
Found file [0x000001045124F278] "cuntwroad24.dff" with handler "gta3.std.stream"
Found file [0x00000104DEA797C1] "cuntwroad25.dff" with handler "gta3.std.stream"
Found file [0x00000104AF2CDEAA] "cuntwroad26.dff" with handler "gta3.std.stream"
Found file [0x00000104D70CB293] "cuntwroad27.dff" with handler "gta3.std.stream"
Found file [0x000001048FDD31D4] "cuntwroad28.dff" with handler "gta3.std.stream"
Found file [0x00000104C7E42E1D] "cuntwroad29.dff" with handler "gta3.std.stream"
Found file [0x000001040B99141B] "cuntwroad30.dff" with handler "gta3.std.stream"
Found file [0x00000104E8D06732] "cuntwroad31.dff" with handler "gta3.std.stream"
Found file [0x000001043CB1EB29] "cuntwroad32.dff" with handler "gta3.std.stream"
Found file [0x000001044D427E80] "cuntwroad33.dff" with handler "gta3.std.stream"
Found file [0x00000104CF5B3D8F] "cuntwroad34.dff" with handler "gta3.std.stream"
Found file [0x000001048C6B4E96] "cuntwroad35.dff" with handler "gta3.std.stream"
Found file [0x000001049B6F147D] "cuntwroad36.dff" with handler "gta3.std.stream"
Found file [0x0000010463681734] "cuntwroad37.dff" with handler "gta3.std.stream"
Found file [0x000001041DF13E73] "cuntwroad38.dff" with handler "gta3.std.stream"
Found file [0x00000104F612FC8A] "cuntwroad39.dff" with handler "gta3.std.stream"
Found file [0x0000010457EF9986] "cuntwroad40.dff" with handler "gta3.std.stream"
Found file [0x000001045FF64B7F] "cuntwroad41.dff" with handler "gta3.std.stream"
Found file [0x0000010434A15A64] "cuntwroad42.dff" with handler "gta3.std.stream"
Found file [0x00000104651859AD] "cuntwroad43.dff" with handler "gta3.std.stream"
Found file [0x00000104B454B222] "cuntwroad44.dff" with handler "gta3.std.stream"
Found file [0x00000104DC34860B] "cuntwroad45.dff" with handler "gta3.std.stream"
Found file [0x00000104E390F0B0] "cuntwroad46.dff" with handler "gta3.std.stream"
Found file [0x00000104CB706059] "cuntwroad47.dff" with handler "gta3.std.stream"
Found file [0x00000104CD71BEBE] "cuntwroad48.dff" with handler "gta3.std.stream"
Found file [0x00000104D5787077] "cuntwroad49.dff" with handler "gta3.std.stream"
Found file [0x000001044BD1C15D] "cuntwroad50.dff" with handler "gta3.std.stream"
Found file [0x0000010413CAC414] "cuntwroad51.dff" with handler "gta3.std.stream"
Found file [0x000001040C65D8EF] "cuntwroad52.dff" with handler "gta3.std.stream"
Found file [0x000001043CCDFC76] "cuntwroad53.dff" with handler "gta3.std.stream"
Found file [0x00000104ED149809] "cuntwroad54.dff" with handler "gta3.std.stream"
Found file [0x000001048A4B86E0] "cuntwroad55.dff" with handler "gta3.std.stream"
Found file [0x0000010448A21C7B] "cuntwroad56.dff" with handler "gta3.std.stream"
Found file [0x000001049BAD7D12] "cuntwroad57.dff" with handler "gta3.std.stream"
Found file [0x00000104E6588275] "cuntwroad58.dff" with handler "gta3.std.stream"
Found file [0x0000010426C251AC] "cuntwroad59.dff" with handler "gta3.std.stream"
Found file [0x00000104A8C7C3E8] "cuntwroad60.dff" with handler "gta3.std.stream"
Found file [0x00000104F331CAF1] "cuntwroad61.dff" with handler "gta3.std.stream"
Found file [0x00000104271DF403] "cuntwroad63.dff" with handler "gta3.std.stream"
Found file [0x00000104BEED5B9C] "cuntwroad64.dff" with handler "gta3.std.stream"
Found file [0x00000104B6F3F465] "cuntwroad65.dff" with handler "gta3.std.stream"
Found file [0x000001047DD46B9E] "cuntwroad66.dff" with handler "gta3.std.stream"
Found file [0x0000010485DB1D57] "cuntwroad67.dff" with handler "gta3.std.stream"
Found file [0x0000010493F53090] "cuntwroad68.dff" with handler "gta3.std.stream"
Found file [0x000001047E4D7639] "cuntwroad69.dff" with handler "gta3.std.stream"
Found file [0x000001041E062707] "cuntwroad70.dff" with handler "gta3.std.stream"
Found file [0x000001044E6FDD8E] "cuntwroad71.dff" with handler "gta3.std.stream"
Found file [0x00000104809D39D5] "cuntwroad72.dff" with handler "gta3.std.stream"
Found file [0x000001044DABD08C] "cuntwroad73.dff" with handler "gta3.std.stream"
Found file [0x00000104F7B96633] "cuntwroad74.dff" with handler "gta3.std.stream"
Found file [0x000001041D7F6C99] "cuntybitx.dff" with handler "gta3.std.stream"
Found file [0x00000104D544645C] "cuntytunnel.dff" with handler "gta3.std.stream"
Found file [0x00000104876F98CA] "cuntytunnel2.dff" with handler "gta3.std.stream"
Found file [0x000001040C10F786] "cunt_rocgxp2_04.dff" with handler "gta3.std.stream"
Found file [0x00000104433C00D2] "cunt_rockgp1_.dff" with handler "gta3.std.stream"
Found file [0x000001042B091DE9] "cunt_rockgp1_03.dff" with handler "gta3.std.stream"
Found file [0x00000104E862B787] "cunt_rockgp2_.dff" with handler "gta3.std.stream"
Found file [0x00000104BB31F34B] "cunt_rockgp2_04.dff" with handler "gta3.std.stream"
Found file [0x00000104A9F4C2FE] "cunt_rockgp2_09.dff" with handler "gta3.std.stream"
Found file [0x000001041934EF69] "cunt_rockgp2_11.dff" with handler "gta3.std.stream"
Found file [0x00000104EA98145B] "cunt_rockgp2_13.dff" with handler "gta3.std.stream"
Found file [0x000001043FECAE74] "cunt_rockgp2_14.dff" with handler "gta3.std.stream"
Found file [0x000001046B68BBD6] "cunt_rockgp2_16.dff" with handler "gta3.std.stream"
Found file [0x00000104ABDFD4CF] "cunt_rockgp2_17.dff" with handler "gta3.std.stream"
Found file [0x00000104BB2C2E01] "cunt_rockgp2_24.dff" with handler "gta3.std.stream"
Found file [0x000001043023F1B8] "cunt_rockgp2_25.dff" with handler "gta3.std.stream"
Found file [0x00000104B60A1FD3] "cunt_rockgp2_26.dff" with handler "gta3.std.stream"
Found file [0x000001048BB175EA] "cunt_rockgp2_27.dff" with handler "gta3.std.stream"
Found file [0x00000104C2B3AEEE] "cutnwplant09.dff" with handler "gta3.std.stream"
Found file [0x00000104F493E270] "cutnwplant10.dff" with handler "gta3.std.stream"
Found file [0x000001048D115D43] "cw2_garage.dff" with handler "gta3.std.stream"
Found file [0x0000010450CC0903] "cw2_garagecanopy.dff" with handler "gta3.std.stream"
Found file [0x000001043C98C209] "cw2_genstore.dff" with handler "gta3.std.stream"
Found file [0x0000010455F1AA70] "cwsthseing26.dff" with handler "gta3.std.stream"
Found file [0x000001044ED02C2F] "cw_bigbarn02.dff" with handler "gta3.std.stream"
Found file [0x000001047F39E2B6] "cw_bigbarn03.dff" with handler "gta3.std.stream"
Found file [0x000001043E695153] "cw_corrug01.dff" with handler "gta3.std.stream"
Found file [0x00000104D532174B] "cw_fueldrum03.dff" with handler "gta3.std.stream"
Found file [0x00000104201B4F3B] "cw_haypile05.dff" with handler "gta3.std.stream"
Found file [0x00000104EF40B9D2] "cw_silo01.dff" with handler "gta3.std.stream"
Found file [0x0000010440A7D4C9] "cw_silo02.dff" with handler "gta3.std.stream"
Found file [0x00000104E0592BA0] "cw_silo03.dff" with handler "gta3.std.stream"
Found file [0x00000104AA90EC5E] "dirtover.dff" with handler "gta3.std.stream"
Found file [0x000001041E85466C] "farmhouse01.dff" with handler "gta3.std.stream"
Found file [0x00000104EC6533E7] "farmhouse02.dff" with handler "gta3.std.stream"
Found file [0x000001047BE89889] "lawestbridge_law.dff" with handler "gta3.std.stream"
Found file [0x00000104F69F849C] "lodcuntw01.dff" with handler "gta3.std.stream"
Found file [0x00000104BD8D4657] "lodcuntw02.dff" with handler "gta3.std.stream"
Found file [0x00000104B586949E] "lodcuntw03.dff" with handler "gta3.std.stream"
Found file [0x000001042AE3F3F1] "lodcuntw04.dff" with handler "gta3.std.stream"
Found file [0x00000104E079ECE8] "lodcuntw05.dff" with handler "gta3.std.stream"
Found file [0x000001045ED01D03] "lodcuntw06.dff" with handler "gta3.std.stream"
Found file [0x000001043B680C1A] "lodcuntw07.dff" with handler "gta3.std.stream"
Found file [0x00000104DC4DF30D] "lodcuntw08.dff" with handler "gta3.std.stream"
Found file [0x000001041CB63044] "lodcuntw09.dff" with handler "gta3.std.stream"
Found file [0x00000104EBDD4F2E] "lodcuntw10.dff" with handler "gta3.std.stream"
Found file [0x000001042ECED127] "lodcuntw11.dff" with handler "gta3.std.stream"
Found file [0x000001045E747AAC] "lodcuntw12.dff" with handler "gta3.std.stream"
Found file [0x000001041E0AAB75] "lodcuntw13.dff" with handler "gta3.std.stream"
Found file [0x000001046ACE2DEA] "lodcuntw14.dff" with handler "gta3.std.stream"
Found file [0x000001049526D7D3] "lodcuntw15.dff" with handler "gta3.std.stream"
Found file [0x000001040F40A9B8] "lodcuntw16.dff" with handler "gta3.std.stream"
Found file [0x000001049A48E601] "lodcuntw17.dff" with handler "gta3.std.stream"
Found file [0x0000010474802576] "lodcuntw18.dff" with handler "gta3.std.stream"
Found file [0x00000104441801EF] "lodcuntw19.dff" with handler "gta3.std.stream"
Found file [0x00000104CA7FFD2F] "lodcuntw20.dff" with handler "gta3.std.stream"
Found file [0x00000104FAE9B3B6] "lodcuntw21.dff" with handler "gta3.std.stream"
Found file [0x0000010409ED789D] "lodcuntw22.dff" with handler "gta3.std.stream"
Found file [0x00000104D1E67C54] "lodcuntw23.dff" with handler "gta3.std.stream"
Found file [0x0000010406BDD3BB] "lodcuntw24.dff" with handler "gta3.std.stream"
Found file [0x00000104574ECC52] "lodcuntw25.dff" with handler "gta3.std.stream"
Found file [0x00000104A8B5E749] "lodcuntw26.dff" with handler "gta3.std.stream"
Found file [0x0000010448673E20] "lodcuntw27.dff" with handler "gta3.std.stream"
Found file [0x00000104B2BC6467] "lodcuntw28.dff" with handler "gta3.std.stream"
Found file [0x000001046FCC756E] "lodcuntw29.dff" with handler "gta3.std.stream"
Found file [0x00000104A1ACA8F0] "lodcuntw30.dff" with handler "gta3.std.stream"
Found file [0x00000104898C1799] "lodcuntw31.dff" with handler "gta3.std.stream"
Found file [0x000001046FF60162] "lodcuntw32.dff" with handler "gta3.std.stream"
Found file [0x000001049A4EAB4B] "lodcuntw33.dff" with handler "gta3.std.stream"
Found file [0x0000010423327EED] "lodcuntw35.dff" with handler "gta3.std.stream"
Found file [0x000001041390E8C6] "lodcuntw36.dff" with handler "gta3.std.stream"
Found file [0x000001041B9799BF] "lodcuntw37.dff" with handler "gta3.std.stream"
Found file [0x00000104B404D248] "lodcuntw38.dff" with handler "gta3.std.stream"
Found file [0x0000010471C87ED1] "lodcuntw39.dff" with handler "gta3.std.stream"
Found file [0x00000104DC390A79] "lodcuntw40.dff" with handler "gta3.std.stream"
Found file [0x00000104F4599AD0] "lodcuntw41.dff" with handler "gta3.std.stream"
Found file [0x0000010479A1F7AB] "lodcuntw42.dff" with handler "gta3.std.stream"
Found file [0x0000010451C3B6C2] "lodcuntw43.dff" with handler "gta3.std.stream"
Found file [0x000001040285CB4D] "lodcuntw44.dff" with handler "gta3.std.stream"
Found file [0x0000010442EF9A84] "lodcuntw45.dff" with handler "gta3.std.stream"
Found file [0x00000104FD654F1F] "lodcuntw46.dff" with handler "gta3.std.stream"
Found file [0x00000104F2E43526] "lodcuntw47.dff" with handler "gta3.std.stream"
Found file [0x0000010453963431] "lodcuntw48.dff" with handler "gta3.std.stream"
Found file [0x0000010406B1C428] "lodcuntw49.dff" with handler "gta3.std.stream"
Found file [0x00000104F9991152] "lodcuntw50.dff" with handler "gta3.std.stream"
Found file [0x00000104A90818BB] "lodcuntw51.dff" with handler "gta3.std.stream"
Found file [0x00000104EAB18320] "lodcuntw52.dff" with handler "gta3.std.stream"
Found file [0x000001044B002C49] "lodcuntw53.dff" with handler "gta3.std.stream"
Found file [0x000001049D33F8B6] "lodcuntw54.dff" with handler "gta3.std.stream"
Found file [0x000001046CCA422F] "lodcuntw55.dff" with handler "gta3.std.stream"
Found file [0x000001047430C154] "lodcuntw56.dff" with handler "gta3.std.stream"
Found file [0x00000104AC37BD9D] "lodcuntw57.dff" with handler "gta3.std.stream"
Found file [0x0000010493806E2A] "lodcuntw58.dff" with handler "gta3.std.stream"
Found file [0x00000104AE6D7023] "lodcuntw60.dff" with handler "gta3.std.stream"
Found file [0x00000104FE5F04BA] "lodcuntw61.dff" with handler "gta3.std.stream"
Found file [0x000001042D9B4308] "lodcuntw63.dff" with handler "gta3.std.stream"
Found file [0x000001040D2A9977] "lodcuntw64.dff" with handler "gta3.std.stream"
Found file [0x000001040523E7BE] "lodcuntw65.dff" with handler "gta3.std.stream"
Found file [0x00000104B19D1505] "lodcuntw66.dff" with handler "gta3.std.stream"
Found file [0x00000104B71C143C] "lodcuntw67.dff" with handler "gta3.std.stream"
Found file [0x0000010413E6AF0B] "lodcuntw68.dff" with handler "gta3.std.stream"
Found file [0x00000104EC06DB22] "lodcuntw69.dff" with handler "gta3.std.stream"
Found file [0x000001049B1A4034] "lodcuntw70.dff" with handler "gta3.std.stream"
Found file [0x00000104D3213D7D] "lodcuntw71.dff" with handler "gta3.std.stream"
Found file [0x000001049D3E00D2] "lodcuntwroad01.dff" with handler "gta3.std.stream"
Found file [0x00000104EEA51BC9] "lodcuntwroad02.dff" with handler "gta3.std.stream"
Found file [0x000001048E5672A0] "lodcuntwroad03.dff" with handler "gta3.std.stream"
Found file [0x00000104106F31AF] "lodcuntwroad04.dff" with handler "gta3.std.stream"
Found file [0x0000010440D8E836] "lodcuntwroad05.dff" with handler "gta3.std.stream"
Found file [0x000001044FDCAD1D] "lodcuntwroad06.dff" with handler "gta3.std.stream"
Found file [0x0000010417D5B0D4] "lodcuntwroad07.dff" with handler "gta3.std.stream"
Found file [0x000001045F053193] "lodcuntwroad08.dff" with handler "gta3.std.stream"
Found file [0x0000010437255DAA] "lodcuntwroad09.dff" with handler "gta3.std.stream"
Found file [0x00000104CB4D2E0C] "lodcuntwroad10.dff" with handler "gta3.std.stream"
Found file [0x00000104FE3E9755] "lodcuntwroad11.dff" with handler "gta3.std.stream"
Found file [0x00000104CC113B0E] "lodcuntwroad12.dff" with handler "gta3.std.stream"
Found file [0x000001049BA78487] "lodcuntwroad13.dff" with handler "gta3.std.stream"
Found file [0x000001047C195D18] "lodcuntwroad14.dff" with handler "gta3.std.stream"
Found file [0x000001047A7B3FE1] "lodcuntwroad15.dff" with handler "gta3.std.stream"
Found file [0x00000104F2D706BD] "lodcuntwroad19.dff" with handler "gta3.std.stream"
Found file [0x0000010470D32871] "lodcuntwroad20.dff" with handler "gta3.std.stream"
Found file [0x0000010426692168] "lodcuntwroad21.dff" with handler "gta3.std.stream"
Found file [0x00000104A4BF5183] "lodcuntwroad22.dff" with handler "gta3.std.stream"
Found file [0x000001048157409A] "lodcuntwroad23.dff" with handler "gta3.std.stream"
Found file [0x00000104349551E5] "lodcuntwroad24.dff" with handler "gta3.std.stream"
Found file [0x000001043C8EB91C] "lodcuntwroad25.dff" with handler "gta3.std.stream"
Found file [0x00000104037C7AD7] "lodcuntwroad26.dff" with handler "gta3.std.stream"
Found file [0x00000104FB75C91E] "lodcuntwroad27.dff" with handler "gta3.std.stream"
Found file [0x00000104FBEED3B9] "lodcuntwroad28.dff" with handler "gta3.std.stream"
Found file [0x0000010411968E10] "lodcuntwroad29.dff" with handler "gta3.std.stream"
Found file [0x00000104B0BD626A] "lodcuntwroad30.dff" with handler "gta3.std.stream"
Found file [0x00000104DB160C53] "lodcuntwroad31.dff" with handler "gta3.std.stream"
Found file [0x00000104552FDE38] "lodcuntwroad32.dff" with handler "gta3.std.stream"
Found file [0x00000104E0381A81] "lodcuntwroad33.dff" with handler "gta3.std.stream"
Found file [0x0000010431CC83AE] "lodcuntwroad34.dff" with handler "gta3.std.stream"
Found file [0x0000010474BE05A7] "lodcuntwroad35.dff" with handler "gta3.std.stream"
Found file [0x00000104A463AF2C] "lodcuntwroad36.dff" with handler "gta3.std.stream"
Found file [0x0000010463F9DFF5] "lodcuntwroad37.dff" with handler "gta3.std.stream"
Found file [0x00000104194EDA92] "lodcuntwroad38.dff" with handler "gta3.std.stream"
Found file [0x00000104C64379FB] "lodcuntwroad39.dff" with handler "gta3.std.stream"
Found file [0x00000104D273C0A7] "lodcuntwroad40.dff" with handler "gta3.std.stream"
Found file [0x000001048F823EAE] "lodcuntwroad41.dff" with handler "gta3.std.stream"
Found file [0x00000104C1AF9AF5] "lodcuntwroad42.dff" with handler "gta3.std.stream"
Found file [0x0000010402196A2C] "lodcuntwroad43.dff" with handler "gta3.std.stream"
Found file [0x0000010438CBC753] "lodcuntwroad44.dff" with handler "gta3.std.stream"
Found file [0x000001040E731D6A] "lodcuntwroad45.dff" with handler "gta3.std.stream"
Found file [0x000001043DEDD581] "lodcuntwroad46.dff" with handler "gta3.std.stream"
Found file [0x00000104B2E59938] "lodcuntwroad47.dff" with handler "gta3.std.stream"
Found file [0x00000104E7BCF16F] "lodcuntwroad48.dff" with handler "gta3.std.stream"
Found file [0x00000104182514F6] "lodcuntwroad49.dff" with handler "gta3.std.stream"
Found file [0x00000104D1403288] "lodcuntwroad50.dff" with handler "gta3.std.stream"
Found file [0x00000104917E4811] "lodcuntwroad51.dff" with handler "gta3.std.stream"
Found file [0x00000104A203F43A] "lodcuntwroad52.dff" with handler "gta3.std.stream"
Found file [0x0000010452125FA3] "lodcuntwroad53.dff" with handler "gta3.std.stream"
Found file [0x000001045AC103BC] "lodcuntwroad54.dff" with handler "gta3.std.stream"
Found file [0x0000010455420485] "lodcuntwroad55.dff" with handler "gta3.std.stream"
Found file [0x00000104A8C8D73E] "lodcuntwroad56.dff" with handler "gta3.std.stream"
Found file [0x00000104B0CF88F7] "lodcuntwroad57.dff" with handler "gta3.std.stream"
Found file [0x00000104BEE80930] "lodcuntwroad58.dff" with handler "gta3.std.stream"
Found file [0x00000104A6C778D9] "lodcuntwroad59.dff" with handler "gta3.std.stream"
Found file [0x0000010476C62CFD] "lodcuntwroad60.dff" with handler "gta3.std.stream"
Found file [0x000001043EBF2FB4] "lodcuntwroad61.dff" with handler "gta3.std.stream"
Found file [0x00000104AAB2560F] "lodcuntwroad62.dff" with handler "gta3.std.stream"
Found file [0x0000010467C26716] "lodcuntwroad63.dff" with handler "gta3.std.stream"
Found file [0x00000104180903A9] "lodcuntwroad64.dff" with handler "gta3.std.stream"
Found file [0x0000010428999700] "lodcuntwroad65.dff" with handler "gta3.std.stream"
Found file [0x00000104E6F02C9B] "lodcuntwroad66.dff" with handler "gta3.std.stream"
Found file [0x00000104C4277FB2] "lodcuntwroad67.dff" with handler "gta3.std.stream"
Found file [0x0000010484A69295] "lodcuntwroad68.dff" with handler "gta3.std.stream"
Found file [0x0000010451B6BD4C] "lodcuntwroad69.dff" with handler "gta3.std.stream"
Found file [0x00000104968924A6] "lodcuntwroad70.dff" with handler "gta3.std.stream"
Found file [0x00000104A10A3E9F] "lodcuntwroad71.dff" with handler "gta3.std.stream"
Found file [0x00000104E6948A04] "lodcuntwroad72.dff" with handler "gta3.std.stream"
Found file [0x00000104A62ABACD] "lodcuntwroad73.dff" with handler "gta3.std.stream"
Found file [0x00000104F568A642] "lodcuntwroad74.dff" with handler "gta3.std.stream"
Found file [0x000001041D46E72B] "lodcuntwroad75.dff" with handler "gta3.std.stream"
Found file [0x0000010497FE8A50] "lodcuntwroad76.dff" with handler "gta3.std.stream"
Found file [0x000001047830B2C7] "lodsmltrukext.dff" with handler "gta3.std.stream"
Found file [0x000001041A46CAAB] "rockovergay.dff" with handler "gta3.std.stream"
Found file [0x000001040A3D39A4] "sbcuntwland44b.dff" with handler "gta3.std.stream"
Found file [0x00000104009CDAA8] "sjmoldbarn03.dff" with handler "gta3.std.stream"
Found file [0x00000104E02C3017] "sjmoldbarn04.dff" with handler "gta3.std.stream"
Found file [0x0000010489D8F430] "smltrukext.dff" with handler "gta3.std.stream"
Found file [0x0000010409EFCDA6] "wt6supps01.dff" with handler "gta3.std.stream"
Found file [0x000001048525B7DF] "xoverelaya.dff" with handler "gta3.std.stream"
Found file [0x0000010442362F6B] "xoverlaydrt.dff" with handler "gta3.std.stream"
Found file [0x00000104FF85C99A] "xoverlaymap01.dff" with handler "gta3.std.stream"
Found file [0x00000104EF01B171] "xoverlaymap02.dff" with handler "gta3.std.stream"
Found file [0x00000104A497AA68] "xoverlaymap03.dff" with handler "gta3.std.stream"
Found file [0x0000010481AB03D7] "xoverlaymap04.dff" with handler "gta3.std.stream"
Found file [0x0000010479A4521E] "xoverlaymap05.dff" with handler "gta3.std.stream"
Found file [0x00000104B2C3DAE5] "xoverlaymap06.dff" with handler "gta3.std.stream"
Found file [0x00000104BABD421C] "xoverlaymap07.dff" with handler "gta3.std.stream"
Found file [0x00000104024BB1FA] "xoverlaymap07b.dff" with handler "gta3.std.stream"
Found file [0x00000104150D74EB] "xoverlaymap08.dff" with handler "gta3.std.stream"
Found file [0x00000104ED2DA002] "xoverlaymap09.dff" with handler "gta3.std.stream"
Found file [0x000001040F9AAA94] "xoverlaymap10.dff" with handler "gta3.std.stream"
Found file [0x000001040835BF6F] "xoverlaymap13.dff" with handler "gta3.std.stream"
Found file [0x00000104E685604D] "xoverlay_rock.dff" with handler "gta3.std.stream"
Found file [0x0000010490A10F41] "xxcliffx.dff" with handler "gta3.std.stream"
Found file [0x00000104E08820B8] "xxovr2.dff" with handler "gta3.std.stream"
Found file [0x000001044025EED5] "xxxc01.dff" with handler "gta3.std.stream"
Found file [0x00000104D3203903] "xxxd.dff" with handler "gta3.std.stream"
Found file [0x00000104AFB8281A] "xxxe.dff" with handler "gta3.std.stream"
Found file [0x00000104F58A2A07] "xxxover.dff" with handler "gta3.std.stream"
Found file [0x00000104346404FE] "xxxtra2.dff" with handler "gta3.std.stream"
Found file [0x00000104C4AAA692] "xxxxxxtra.dff" with handler "gta3.std.stream"
Found file [0x00000104BAA6BBCC] "xxxxxxxxa.dff" with handler "gta3.std.stream"
Found file [0x000001041EEB7236] "xxxza.dff" with handler "gta3.std.stream"
Found file [0x00000104F5E83AD4] "xxxzc.dff" with handler "gta3.std.stream"

Scanning files at "modloader\data_sadx3\"...
Found file [0x0000001C1735DE14] "timecyc.dat" with handler "gta3.std.data"

Scanning files at "modloader\dynamic weapon draw sounds\"...
Warning: Wave file "modloader\dynamic weapon draw sounds\cleo\aimsounds\heavyin.wav" is not mono PCM-16, ignoring it!
No handler or callme for file "cleo\aimsounds\heavyin.wav"
Warning: Wave file "modloader\dynamic weapon draw sounds\cleo\aimsounds\heavyout.wav" is not mono PCM-16, ignoring it!
No handler or callme for file "cleo\aimsounds\heavyout.wav"
Warning: Wave file "modloader\dynamic weapon draw sounds\cleo\aimsounds\miscin.wav" is not mono PCM-16, ignoring it!
No handler or callme for file "cleo\aimsounds\miscin.wav"
Warning: Wave file "modloader\dynamic weapon draw sounds\cleo\aimsounds\miscout.wav" is not mono PCM-16, ignoring it!
No handler or callme for file "cleo\aimsounds\miscout.wav"
No handler or callme for file "cleo\aimsounds\molly.wav"
No handler or callme for file "cleo\aimsounds\pinpull.wav"
Warning: Wave file "modloader\dynamic weapon draw sounds\cleo\aimsounds\pistolin.wav" is not mono PCM-16, ignoring it!
No handler or callme for file "cleo\aimsounds\pistolin.wav"
Warning: Wave file "modloader\dynamic weapon draw sounds\cleo\aimsounds\pistolout.wav" is not mono PCM-16, ignoring it!
No handler or callme for file "cleo\aimsounds\pistolout.wav"
Warning: Wave file "modloader\dynamic weapon draw sounds\cleo\aimsounds\riflein.wav" is not mono PCM-16, ignoring it!
No handler or callme for file "cleo\aimsounds\riflein.wav"
Warning: Wave file "modloader\dynamic weapon draw sounds\cleo\aimsounds\rifleout.wav" is not mono PCM-16, ignoring it!
No handler or callme for file "cleo\aimsounds\rifleout.wav"
Warning: Wave file "modloader\dynamic weapon draw sounds\cleo\aimsounds\satchel.wav" is not mono PCM-16, ignoring it!
No handler or callme for file "cleo\aimsounds\satchel.wav"
Warning: Wave file "modloader\dynamic weapon draw sounds\cleo\aimsounds\shotgunin.wav" is not mono PCM-16, ignoring it!
No handler or callme for file "cleo\aimsounds\shotgunin.wav"
Warning: Wave file "modloader\dynamic weapon draw sounds\cleo\aimsounds\shotgunout.wav" is not mono PCM-16, ignoring it!
No handler or callme for file "cleo\aimsounds\shotgunout.wav"
Warning: Wave file "modloader\dynamic weapon draw sounds\cleo\aimsounds\silencedin.wav" is not mono PCM-16, ignoring it!
No handler or callme for file "cleo\aimsounds\silencedin.wav"
Warning: Wave file "modloader\dynamic weapon draw sounds\cleo\aimsounds\silencedout.wav" is not mono PCM-16, ignoring it!
No handler or callme for file "cleo\aimsounds\silencedout.wav"
Warning: Wave file "modloader\dynamic weapon draw sounds\cleo\aimsounds\smgin.wav" is not mono PCM-16, ignoring it!
No handler or callme for file "cleo\aimsounds\smgin.wav"
Warning: Wave file "modloader\dynamic weapon draw sounds\cleo\aimsounds\smgout.wav" is not mono PCM-16, ignoring it!
No handler or callme for file "cleo\aimsounds\smgout.wav"
Warning: Wave file "modloader\dynamic weapon draw sounds\cleo\aimsounds\zoom.wav" is not mono PCM-16, ignoring it!
No handler or callme for file "cleo\aimsounds\zoom.wav"
No handler or callme for file "cleo\dwds.ini"
Found file [0x00000002EF28D815] "cleo\Dynamic Weapon Draw Sound.cs" with handler "gta3.std.asi"

Scanning files at "modloader\effect loader\"...
Found file [0x000000011F50D950] "EffectLoader.asi" with handler "gta3.std.asi"

Scanning files at "modloader\enhancefx\"...
Found file [0x00000001179EC1A0] "EnhanceFX.asi" with handler "gta3.std.asi"
No handler or callme for file "EnhanceFX.log"

Scanning files at "modloader\enterable hidden interiors repatched\"...
Found file [0x00000001E510DA6F] "cleo\cleo_text\EHI.fxt" with handler "gta3.std.text"
No handler or callme for file "cleo\DatingInteriors.s"
No handler or callme for file "cleo\EHI.ini"
No handler or callme for file "cleo\EHI_Enex_Tweaks.s"
Found file [0x000000027AB5768E] "cleo\EHI_Repatched.cs" with handler "gta3.std.asi"
No handler or callme for file "cleo\GlazedOfficeLift.s"
No handler or callme for file "cleo\NewSaveHouses.s"
Found file [0x000000028859A507] "cleo\TuningA.cm" with handler "gta3.std.asi"
Found file [0xFFFFFFFFFFFFFFFF] "data\loader.txt" with handler "<none>"
Found file [0x0000000DE07AFA81] "data\maps\EHI\EHI.ipl" with handler "gta3.std.data"
Found file [0x0000000CF9374BBE] "data\maps\leveldes\levelmap.ide" with handler "gta3.std.data"
Found file [0x00000104E1FA5DF0] "models\gta3.img\CJ_CUSTOM_BAR.dff" with handler "gta3.std.stream"
Found file [0x000003040F930C42] "models\gta3.img\countn2_5.col" with handler "gta3.std.stream"
Found file [0x0000030421EF1B11] "models\gta3.img\countrye_13.col" with handler "gta3.std.stream"
Found file [0x0000010427038580] "models\gta3.img\des_a51infenc.dff" with handler "gta3.std.stream"
Found file [0x000001040DF8F913] "models\gta3.img\hubinterior_SFS.dff" with handler "gta3.std.stream"
Found file [0x00000304C62F7474] "models\gta3.img\lan2_1.col" with handler "gta3.std.stream"
Found file [0x00000304328C9ACF] "models\gta3.img\laxref.col" with handler "gta3.std.stream"
Found file [0x00000304864B4D05] "models\gta3.img\levelmap_1.col" with handler "gta3.std.stream"
Found file [0x0000010426BE4082] "models\gta3.img\oldgarage_sfs.dff" with handler "gta3.std.stream"
Found file [0x00000304D52BD8AC] "models\gta3.img\sfse_12.col" with handler "gta3.std.stream"
Found file [0x000001046E34040B] "models\gta3.img\skyscrapn203_gls.dff" with handler "gta3.std.stream"
Found file [0x0000010458E70072] "models\gta3.img\sw_gas01.dff" with handler "gta3.std.stream"
Found file [0x0000010495D7E7AD] "models\gta_int.img\ab_mafsuiteDoor.dff" with handler "gta3.std.stream"
Found file [0x00000304F37EB5E2] "models\gta_int.img\gen_int3_1.col" with handler "gta3.std.stream"
Found file [0x0000030469C2D481] "models\gta_int.img\gen_int4_1.col" with handler "gta3.std.stream"
Found file [0x0000030421CE2904] "models\gta_int.img\gen_int5_1.col" with handler "gta3.std.stream"
Found file [0x0000030461EC90DF] "models\gta_int.img\gen_int5_2.col" with handler "gta3.std.stream"
Found file [0x00000304D096F074] "models\gta_int.img\gen_intb_2.col" with handler "gta3.std.stream"
Found file [0x000003049C5E637F] "models\gta_int.img\int_cont_1.col" with handler "gta3.std.stream"
Found file [0x00000304A816B26D] "models\gta_int.img\int_la_2.col" with handler "gta3.std.stream"
Found file [0x000003048B3D2A0F] "models\gta_int.img\int_la_4.col" with handler "gta3.std.stream"
Found file [0x00000304D77C7693] "models\gta_int.img\int_veg_1.col" with handler "gta3.std.stream"
Found file [0x0000030496721F15] "models\gta_int.img\props.col" with handler "gta3.std.stream"
Found file [0x00000304F69727B5] "models\gta_int.img\props2.col" with handler "gta3.std.stream"

Scanning files at "modloader\gps redux\"...
No handler or callme for file "SA.GPS.CONF.ini"
Found file [0xFFFFFFFFFFFFFFFF] "SA.GPS.LOG.txt" with handler "<none>"
Found file [0x000000010007DA70] "SA.GPS.REDUX.asi" with handler "gta3.std.asi"

Scanning files at "modloader\gta vehicle sounds\"...
Found file [0x000800081E33D2AA] "GENRL\Cars bikes sounds\Bank_001\sound_001.wav" with handler "gta3.std.bank"
Found file [0x000800101E33D2AA] "GENRL\Cars bikes sounds\Bank_002\sound_001.wav" with handler "gta3.std.bank"
Found file [0x001000101E33D2AA] "GENRL\Cars bikes sounds\Bank_002\sound_002.wav" with handler "gta3.std.bank"
Found file [0x001800101E33D2AA] "GENRL\Cars bikes sounds\Bank_002\sound_003.wav" with handler "gta3.std.bank"
Found file [0x000800501E33D2AA] "GENRL\Cars bikes sounds\Bank_010\sound_001.wav" with handler "gta3.std.bank"
Found file [0x001000501E33D2AA] "GENRL\Cars bikes sounds\Bank_010\sound_002.wav" with handler "gta3.std.bank"
Found file [0x000800581E33D2AA] "GENRL\Cars bikes sounds\Bank_011\sound_001.wav" with handler "gta3.std.bank"
Found file [0x001000581E33D2AA] "GENRL\Cars bikes sounds\Bank_011\sound_002.wav" with handler "gta3.std.bank"
Found file [0x001800581E33D2AA] "GENRL\Cars bikes sounds\Bank_011\sound_003.wav" with handler "gta3.std.bank"
Found file [0x000800981E33D2AA] "GENRL\Cars bikes sounds\Bank_019\sound_001.wav" with handler "gta3.std.bank"
Found file [0x000800A01E33D2AA] "GENRL\Cars bikes sounds\Bank_020\sound_001.wav" with handler "gta3.std.bank"
Found file [0x001000A01E33D2AA] "GENRL\Cars bikes sounds\Bank_020\sound_002.wav" with handler "gta3.std.bank"
Found file [0x001800A01E33D2AA] "GENRL\Cars bikes sounds\Bank_020\sound_003.wav" with handler "gta3.std.bank"
Found file [0x000800E01E33D2AA] "GENRL\Cars bikes sounds\Bank_028\sound_001.wav" with handler "gta3.std.bank"
Found file [0x001000E01E33D2AA] "GENRL\Cars bikes sounds\Bank_028\sound_002.wav" with handler "gta3.std.bank"
Found file [0x000800E81E33D2AA] "GENRL\Cars bikes sounds\Bank_029\sound_001.wav" with handler "gta3.std.bank"
Found file [0x001000E81E33D2AA] "GENRL\Cars bikes sounds\Bank_029\sound_002.wav" with handler "gta3.std.bank"
Found file [0x001800E81E33D2AA] "GENRL\Cars bikes sounds\Bank_029\sound_003.wav" with handler "gta3.std.bank"
Found file [0x000800F81E33D2AA] "GENRL\Cars bikes sounds\Bank_031\sound_001.wav" with handler "gta3.std.bank"
Found file [0x000801001E33D2AA] "GENRL\Cars bikes sounds\Bank_032\sound_001.wav" with handler "gta3.std.bank"
Found file [0x001001001E33D2AA] "GENRL\Cars bikes sounds\Bank_032\sound_002.wav" with handler "gta3.std.bank"
Found file [0x001801001E33D2AA] "GENRL\Cars bikes sounds\Bank_032\sound_003.wav" with handler "gta3.std.bank"
Found file [0x001801081E33D2AA] "GENRL\Cars bikes sounds\Bank_033\sound_003.wav" with handler "gta3.std.bank"
Found file [0x002801081E33D2AA] "GENRL\Cars bikes sounds\Bank_033\sound_005.wav" with handler "gta3.std.bank"
Found file [0x003001081E33D2AA] "GENRL\Cars bikes sounds\Bank_033\sound_006.wav" with handler "gta3.std.bank"
Found file [0x003801081E33D2AA] "GENRL\Cars bikes sounds\Bank_033\sound_007.wav" with handler "gta3.std.bank"
Found file [0x004001081E33D2AA] "GENRL\Cars bikes sounds\Bank_033\sound_008.wav" with handler "gta3.std.bank"
Found file [0x004801081E33D2AA] "GENRL\Cars bikes sounds\Bank_033\sound_009.wav" with handler "gta3.std.bank"
Found file [0x005001081E33D2AA] "GENRL\Cars bikes sounds\Bank_033\sound_010.wav" with handler "gta3.std.bank"
Found file [0x005801081E33D2AA] "GENRL\Cars bikes sounds\Bank_033\sound_011.wav" with handler "gta3.std.bank"
Found file [0x006801081E33D2AA] "GENRL\Cars bikes sounds\Bank_033\sound_013.wav" with handler "gta3.std.bank"
Found file [0x007001081E33D2AA] "GENRL\Cars bikes sounds\Bank_033\sound_014.wav" with handler "gta3.std.bank"
Found file [0x007801081E33D2AA] "GENRL\Cars bikes sounds\Bank_033\sound_015.wav" with handler "gta3.std.bank"
Found file [0x008001081E33D2AA] "GENRL\Cars bikes sounds\Bank_033\sound_016.wav" with handler "gta3.std.bank"
Found file [0x008801081E33D2AA] "GENRL\Cars bikes sounds\Bank_033\sound_017.wav" with handler "gta3.std.bank"
Found file [0x009001081E33D2AA] "GENRL\Cars bikes sounds\Bank_033\sound_018.wav" with handler "gta3.std.bank"
Found file [0x009801081E33D2AA] "GENRL\Cars bikes sounds\Bank_033\sound_019.wav" with handler "gta3.std.bank"
Found file [0x00A001081E33D2AA] "GENRL\Cars bikes sounds\Bank_033\sound_020.wav" with handler "gta3.std.bank"
Found file [0x00D801081E33D2AA] "GENRL\Cars bikes sounds\Bank_033\sound_027.wav" with handler "gta3.std.bank"
Found file [0x00F001081E33D2AA] "GENRL\Cars bikes sounds\Bank_033\sound_030.wav" with handler "gta3.std.bank"
Found file [0x00F801081E33D2AA] "GENRL\Cars bikes sounds\Bank_033\sound_031.wav" with handler "gta3.std.bank"
Found file [0x010001081E33D2AA] "GENRL\Cars bikes sounds\Bank_033\sound_032.wav" with handler "gta3.std.bank"
Found file [0x010801081E33D2AA] "GENRL\Cars bikes sounds\Bank_033\sound_033.wav" with handler "gta3.std.bank"
Found file [0x011001081E33D2AA] "GENRL\Cars bikes sounds\Bank_033\sound_034.wav" with handler "gta3.std.bank"
Found file [0x011801081E33D2AA] "GENRL\Cars bikes sounds\Bank_033\sound_035.wav" with handler "gta3.std.bank"
Found file [0x012001081E33D2AA] "GENRL\Cars bikes sounds\Bank_033\sound_036.wav" with handler "gta3.std.bank"
Found file [0x013001081E33D2AA] "GENRL\Cars bikes sounds\Bank_033\sound_038.wav" with handler "gta3.std.bank"
Found file [0x013801081E33D2AA] "GENRL\Cars bikes sounds\Bank_033\sound_039.wav" with handler "gta3.std.bank"
Found file [0x014001081E33D2AA] "GENRL\Cars bikes sounds\Bank_033\sound_040.wav" with handler "gta3.std.bank"
Found file [0x014801081E33D2AA] "GENRL\Cars bikes sounds\Bank_033\sound_041.wav" with handler "gta3.std.bank"
Found file [0x015001081E33D2AA] "GENRL\Cars bikes sounds\Bank_033\sound_042.wav" with handler "gta3.std.bank"
Found file [0x015801081E33D2AA] "GENRL\Cars bikes sounds\Bank_033\sound_043.wav" with handler "gta3.std.bank"
Found file [0x016001081E33D2AA] "GENRL\Cars bikes sounds\Bank_033\sound_044.wav" with handler "gta3.std.bank"
Found file [0x016801081E33D2AA] "GENRL\Cars bikes sounds\Bank_033\sound_045.wav" with handler "gta3.std.bank"
Found file [0x017001081E33D2AA] "GENRL\Cars bikes sounds\Bank_033\sound_046.wav" with handler "gta3.std.bank"
Found file [0x017801081E33D2AA] "GENRL\Cars bikes sounds\Bank_033\sound_047.wav" with handler "gta3.std.bank"
Found file [0x019801081E33D2AA] "GENRL\Cars bikes sounds\Bank_033\sound_051.wav" with handler "gta3.std.bank"
Found file [0x01A001081E33D2AA] "GENRL\Cars bikes sounds\Bank_033\sound_052.wav" with handler "gta3.std.bank"
Found file [0x01A801081E33D2AA] "GENRL\Cars bikes sounds\Bank_033\sound_053.wav" with handler "gta3.std.bank"
Found file [0x01B801081E33D2AA] "GENRL\Cars bikes sounds\Bank_033\sound_055.wav" with handler "gta3.std.bank"
Found file [0x01C001081E33D2AA] "GENRL\Cars bikes sounds\Bank_033\sound_056.wav" with handler "gta3.std.bank"
Found file [0x01D001081E33D2AA] "GENRL\Cars bikes sounds\Bank_033\sound_058.wav" with handler "gta3.std.bank"
Found file [0x01D801081E33D2AA] "GENRL\Cars bikes sounds\Bank_033\sound_059.wav" with handler "gta3.std.bank"
Found file [0x01E001081E33D2AA] "GENRL\Cars bikes sounds\Bank_033\sound_060.wav" with handler "gta3.std.bank"
Found file [0x01E801081E33D2AA] "GENRL\Cars bikes sounds\Bank_033\sound_061.wav" with handler "gta3.std.bank"
Found file [0x01F001081E33D2AA] "GENRL\Cars bikes sounds\Bank_033\sound_062.wav" with handler "gta3.std.bank"
Found file [0x01F801081E33D2AA] "GENRL\Cars bikes sounds\Bank_033\sound_063.wav" with handler "gta3.std.bank"
Found file [0x020001081E33D2AA] "GENRL\Cars bikes sounds\Bank_033\sound_064.wav" with handler "gta3.std.bank"
Found file [0x021001081E33D2AA] "GENRL\Cars bikes sounds\Bank_033\sound_066.wav" with handler "gta3.std.bank"
Found file [0x021801081E33D2AA] "GENRL\Cars bikes sounds\Bank_033\sound_067.wav" with handler "gta3.std.bank"
Found file [0x022001081E33D2AA] "GENRL\Cars bikes sounds\Bank_033\sound_068.wav" with handler "gta3.std.bank"
Found file [0x022801081E33D2AA] "GENRL\Cars bikes sounds\Bank_033\sound_069.wav" with handler "gta3.std.bank"
Found file [0x023001081E33D2AA] "GENRL\Cars bikes sounds\Bank_033\sound_070.wav" with handler "gta3.std.bank"
Found file [0x023801081E33D2AA] "GENRL\Cars bikes sounds\Bank_033\sound_071.wav" with handler "gta3.std.bank"
Found file [0x024001081E33D2AA] "GENRL\Cars bikes sounds\Bank_033\sound_072.wav" with handler "gta3.std.bank"
Found file [0x000801101E33D2AA] "GENRL\Cars bikes sounds\Bank_034\sound_001.wav" with handler "gta3.std.bank"
Found file [0x000801181E33D2AA] "GENRL\Cars bikes sounds\Bank_035\sound_001.wav" with handler "gta3.std.bank"
Found file [0x001001181E33D2AA] "GENRL\Cars bikes sounds\Bank_035\sound_002.wav" with handler "gta3.std.bank"
Found file [0x001801181E33D2AA] "GENRL\Cars bikes sounds\Bank_035\sound_003.wav" with handler "gta3.std.bank"
Found file [0x000801381E33D2AA] "GENRL\Cars bikes sounds\Bank_039\sound_001.wav" with handler "gta3.std.bank"
Found file [0x001001381E33D2AA] "GENRL\Cars bikes sounds\Bank_039\sound_002.wav" with handler "gta3.std.bank"
Found file [0x000801401E33D2AA] "GENRL\Cars bikes sounds\Bank_040\sound_001.wav" with handler "gta3.std.bank"
Found file [0x001001401E33D2AA] "GENRL\Cars bikes sounds\Bank_040\sound_002.wav" with handler "gta3.std.bank"
Found file [0x001801401E33D2AA] "GENRL\Cars bikes sounds\Bank_040\sound_003.wav" with handler "gta3.std.bank"
Found file [0x005802201E33D2AA] "GENRL\Cars bikes sounds\bank_068\sound_011.wav" with handler "gta3.std.bank"
Found file [0x006002201E33D2AA] "GENRL\Cars bikes sounds\bank_068\sound_012.wav" with handler "gta3.std.bank"
Found file [0x000802481E33D2AA] "GENRL\Cars bikes sounds\Bank_073\sound_001.wav" with handler "gta3.std.bank"
Found file [0x001002481E33D2AA] "GENRL\Cars bikes sounds\Bank_073\sound_002.wav" with handler "gta3.std.bank"
Found file [0x001802481E33D2AA] "GENRL\Cars bikes sounds\Bank_073\sound_003.wav" with handler "gta3.std.bank"
Found file [0x000802801E33D2AA] "GENRL\Cars bikes sounds\Bank_080\sound_001.wav" with handler "gta3.std.bank"
Found file [0x000802881E33D2AA] "GENRL\Cars bikes sounds\Bank_081\sound_001.wav" with handler "gta3.std.bank"
Found file [0x001002881E33D2AA] "GENRL\Cars bikes sounds\Bank_081\sound_002.wav" with handler "gta3.std.bank"
Found file [0x001802881E33D2AA] "GENRL\Cars bikes sounds\Bank_081\sound_003.wav" with handler "gta3.std.bank"
Found file [0x000802B01E33D2AA] "GENRL\Cars bikes sounds\Bank_086\sound_001.wav" with handler "gta3.std.bank"
Found file [0x000802B81E33D2AA] "GENRL\Cars bikes sounds\Bank_087\sound_001.wav" with handler "gta3.std.bank"
Found file [0x001002B81E33D2AA] "GENRL\Cars bikes sounds\Bank_087\sound_002.wav" with handler "gta3.std.bank"
Found file [0x001802B81E33D2AA] "GENRL\Cars bikes sounds\Bank_087\sound_003.wav" with handler "gta3.std.bank"
Found file [0x000802C01E33D2AA] "GENRL\Cars bikes sounds\Bank_088\sound_001.wav" with handler "gta3.std.bank"
Found file [0x000802C81E33D2AA] "GENRL\Cars bikes sounds\Bank_089\sound_001.wav" with handler "gta3.std.bank"
Found file [0x001002C81E33D2AA] "GENRL\Cars bikes sounds\Bank_089\sound_002.wav" with handler "gta3.std.bank"
Found file [0x001802C81E33D2AA] "GENRL\Cars bikes sounds\Bank_089\sound_003.wav" with handler "gta3.std.bank"
Found file [0x000802E01E33D2AA] "GENRL\Cars bikes sounds\Bank_092\sound_001.wav" with handler "gta3.std.bank"
Found file [0x000802E81E33D2AA] "GENRL\Cars bikes sounds\Bank_093\sound_001.wav" with handler "gta3.std.bank"
Found file [0x001002E81E33D2AA] "GENRL\Cars bikes sounds\Bank_093\sound_002.wav" with handler "gta3.std.bank"
Found file [0x001802E81E33D2AA] "GENRL\Cars bikes sounds\Bank_093\sound_003.wav" with handler "gta3.std.bank"
Found file [0x000802F01E33D2AA] "GENRL\Cars bikes sounds\Bank_094\sound_001.wav" with handler "gta3.std.bank"
Found file [0x000802F81E33D2AA] "GENRL\Cars bikes sounds\Bank_095\sound_001.wav" with handler "gta3.std.bank"
Found file [0x001002F81E33D2AA] "GENRL\Cars bikes sounds\Bank_095\sound_002.wav" with handler "gta3.std.bank"
Found file [0x001802F81E33D2AA] "GENRL\Cars bikes sounds\Bank_095\sound_003.wav" with handler "gta3.std.bank"
Found file [0x000803001E33D2AA] "GENRL\Cars bikes sounds\Bank_096\sound_001.wav" with handler "gta3.std.bank"
Found file [0x001003001E33D2AA] "GENRL\Cars bikes sounds\Bank_096\sound_002.wav" with handler "gta3.std.bank"
Found file [0x000803081E33D2AA] "GENRL\Cars bikes sounds\Bank_097\sound_001.wav" with handler "gta3.std.bank"
Found file [0x001003081E33D2AA] "GENRL\Cars bikes sounds\Bank_097\sound_002.wav" with handler "gta3.std.bank"
Found file [0x001803081E33D2AA] "GENRL\Cars bikes sounds\Bank_097\sound_003.wav" with handler "gta3.std.bank"
Found file [0x000803601E33D2AA] "GENRL\Cars bikes sounds\Bank_108\sound_001.wav" with handler "gta3.std.bank"
Found file [0x000803681E33D2AA] "GENRL\Cars bikes sounds\Bank_109\sound_001.wav" with handler "gta3.std.bank"
Found file [0x001003681E33D2AA] "GENRL\Cars bikes sounds\Bank_109\sound_002.wav" with handler "gta3.std.bank"
Found file [0x001803681E33D2AA] "GENRL\Cars bikes sounds\Bank_109\sound_003.wav" with handler "gta3.std.bank"
Found file [0x000803801E33D2AA] "GENRL\Cars bikes sounds\Bank_112\sound_001.wav" with handler "gta3.std.bank"
Found file [0x001003801E33D2AA] "GENRL\Cars bikes sounds\Bank_112\sound_002.wav" with handler "gta3.std.bank"
Found file [0x000803881E33D2AA] "GENRL\Cars bikes sounds\Bank_113\sound_001.wav" with handler "gta3.std.bank"
Found file [0x001003881E33D2AA] "GENRL\Cars bikes sounds\Bank_113\sound_002.wav" with handler "gta3.std.bank"
Found file [0x001803881E33D2AA] "GENRL\Cars bikes sounds\Bank_113\sound_003.wav" with handler "gta3.std.bank"
Found file [0x000804101E33D2AA] "GENRL\Cars bikes sounds\Bank_130\sound_001.wav" with handler "gta3.std.bank"
Found file [0x000804181E33D2AA] "GENRL\Cars bikes sounds\Bank_131\sound_001.wav" with handler "gta3.std.bank"
Found file [0x001004181E33D2AA] "GENRL\Cars bikes sounds\Bank_131\sound_002.wav" with handler "gta3.std.bank"
Found file [0x001804181E33D2AA] "GENRL\Cars bikes sounds\Bank_131\sound_003.wav" with handler "gta3.std.bank"
Found file [0x000804201E33D2AA] "GENRL\Cars bikes sounds\Bank_132\sound_001.wav" with handler "gta3.std.bank"
Found file [0x001004201E33D2AA] "GENRL\Cars bikes sounds\Bank_132\sound_002.wav" with handler "gta3.std.bank"
Found file [0x001804201E33D2AA] "GENRL\Cars bikes sounds\Bank_132\sound_003.wav" with handler "gta3.std.bank"
Found file [0x002004201E33D2AA] "GENRL\Cars bikes sounds\Bank_132\sound_004.wav" with handler "gta3.std.bank"
Found file [0x002804201E33D2AA] "GENRL\Cars bikes sounds\Bank_132\sound_005.wav" with handler "gta3.std.bank"
Found file [0x003004201E33D2AA] "GENRL\Cars bikes sounds\Bank_132\sound_006.wav" with handler "gta3.std.bank"
Found file [0x003804201E33D2AA] "GENRL\Cars bikes sounds\Bank_132\sound_007.wav" with handler "gta3.std.bank"
Found file [0x004004201E33D2AA] "GENRL\Cars bikes sounds\Bank_132\sound_008.wav" with handler "gta3.std.bank"
Found file [0x006804201E33D2AA] "GENRL\Cars bikes sounds\Bank_132\sound_013.wav" with handler "gta3.std.bank"
Found file [0x007004201E33D2AA] "GENRL\Cars bikes sounds\Bank_132\sound_014.wav" with handler "gta3.std.bank"
Found file [0x007804201E33D2AA] "GENRL\Cars bikes sounds\Bank_132\sound_015.wav" with handler "gta3.std.bank"
Found file [0x008004201E33D2AA] "GENRL\Cars bikes sounds\Bank_132\sound_016.wav" with handler "gta3.std.bank"
Found file [0x008804201E33D2AA] "GENRL\Cars bikes sounds\Bank_132\sound_017.wav" with handler "gta3.std.bank"
Found file [0x009004201E33D2AA] "GENRL\Cars bikes sounds\Bank_132\sound_018.wav" with handler "gta3.std.bank"
Found file [0x009804201E33D2AA] "GENRL\Cars bikes sounds\Bank_132\sound_019.wav" with handler "gta3.std.bank"
Found file [0x00A804201E33D2AA] "GENRL\Cars bikes sounds\Bank_132\sound_021.wav" with handler "gta3.std.bank"
Found file [0x00B004201E33D2AA] "GENRL\Cars bikes sounds\Bank_132\sound_022.wav" with handler "gta3.std.bank"
Found file [0x00B804201E33D2AA] "GENRL\Cars bikes sounds\Bank_132\sound_023.wav" with handler "gta3.std.bank"
Found file [0x00C004201E33D2AA] "GENRL\Cars bikes sounds\Bank_132\sound_024.wav" with handler "gta3.std.bank"
Found file [0x00C804201E33D2AA] "GENRL\Cars bikes sounds\Bank_132\sound_025.wav" with handler "gta3.std.bank"
Found file [0x00D004201E33D2AA] "GENRL\Cars bikes sounds\Bank_132\sound_026.wav" with handler "gta3.std.bank"
Warning: Wave file "modloader\gta vehicle sounds\genrl\cars bikes sounds\bank_132\sound_027.wav" is not mono PCM-16, ignoring it!
No handler or callme for file "GENRL\Cars bikes sounds\Bank_132\sound_027.wav"
Found file [0x00E004201E33D2AA] "GENRL\Cars bikes sounds\Bank_132\sound_028.wav" with handler "gta3.std.bank"
Found file [0x00E804201E33D2AA] "GENRL\Cars bikes sounds\Bank_132\sound_029.wav" with handler "gta3.std.bank"
Found file [0x00F004201E33D2AA] "GENRL\Cars bikes sounds\Bank_132\sound_030.wav" with handler "gta3.std.bank"
Found file [0x00F804201E33D2AA] "GENRL\Cars bikes sounds\Bank_132\sound_031.wav" with handler "gta3.std.bank"
Found file [0x010004201E33D2AA] "GENRL\Cars bikes sounds\Bank_132\sound_032.wav" with handler "gta3.std.bank"
Found file [0x010804201E33D2AA] "GENRL\Cars bikes sounds\Bank_132\sound_033.wav" with handler "gta3.std.bank"
Found file [0x011004201E33D2AA] "GENRL\Cars bikes sounds\Bank_132\sound_034.wav" with handler "gta3.std.bank"
Found file [0x011804201E33D2AA] "GENRL\Cars bikes sounds\Bank_132\sound_035.wav" with handler "gta3.std.bank"
Found file [0x012004201E33D2AA] "GENRL\Cars bikes sounds\Bank_132\sound_036.wav" with handler "gta3.std.bank"
Found file [0x012804201E33D2AA] "GENRL\Cars bikes sounds\Bank_132\sound_037.wav" with handler "gta3.std.bank"
Found file [0x013004201E33D2AA] "GENRL\Cars bikes sounds\Bank_132\sound_038.wav" with handler "gta3.std.bank"
Found file [0x013804201E33D2AA] "GENRL\Cars bikes sounds\Bank_132\sound_039.wav" with handler "gta3.std.bank"
Found file [0x014004201E33D2AA] "GENRL\Cars bikes sounds\Bank_132\sound_040.wav" with handler "gta3.std.bank"
Found file [0x014804201E33D2AA] "GENRL\Cars bikes sounds\Bank_132\sound_041.wav" with handler "gta3.std.bank"
Found file [0x015004201E33D2AA] "GENRL\Cars bikes sounds\Bank_132\sound_042.wav" with handler "gta3.std.bank"
Found file [0x015804201E33D2AA] "GENRL\Cars bikes sounds\Bank_132\sound_043.wav" with handler "gta3.std.bank"
Found file [0x016004201E33D2AA] "GENRL\Cars bikes sounds\Bank_132\sound_044.wav" with handler "gta3.std.bank"
Found file [0x016804201E33D2AA] "GENRL\Cars bikes sounds\Bank_132\sound_045.wav" with handler "gta3.std.bank"
Found file [0x000804301E33D2AA] "GENRL\Cars bikes sounds\Bank_134\sound_001.wav" with handler "gta3.std.bank"
Found file [0x001004301E33D2AA] "GENRL\Cars bikes sounds\Bank_134\sound_002.wav" with handler "gta3.std.bank"
Found file [0x001804301E33D2AA] "GENRL\Cars bikes sounds\Bank_134\sound_003.wav" with handler "gta3.std.bank"
Found file [0x000804381E33D2AA] "GENRL\Cars bikes sounds\Bank_135\sound_001.wav" with handler "gta3.std.bank"
Found file [0x000804401E33D2AA] "GENRL\Cars bikes sounds\Bank_136\sound_001.wav" with handler "gta3.std.bank"
Found file [0x001004401E33D2AA] "GENRL\Cars bikes sounds\Bank_136\sound_002.wav" with handler "gta3.std.bank"
Found file [0x001804401E33D2AA] "GENRL\Cars bikes sounds\Bank_136\sound_003.wav" with handler "gta3.std.bank"
Found file [0x000800309A372EE6] "GENRL\Hellicopter sounds\Bank_006\sound_001.wav" with handler "gta3.std.bank"
Found file [0x001000309A372EE6] "GENRL\Hellicopter sounds\Bank_006\sound_002.wav" with handler "gta3.std.bank"
Found file [0x001800309A372EE6] "GENRL\Hellicopter sounds\Bank_006\sound_003.wav" with handler "gta3.std.bank"
Found file [0x002000309A372EE6] "GENRL\Hellicopter sounds\Bank_006\sound_004.wav" with handler "gta3.std.bank"
Found file [0x000802789A372EE6] "GENRL\Hellicopter sounds\Bank_079\sound_001.wav" with handler "gta3.std.bank"
Found file [0x001002789A372EE6] "GENRL\Hellicopter sounds\Bank_079\sound_002.wav" with handler "gta3.std.bank"
Found file [0x001802789A372EE6] "GENRL\Hellicopter sounds\Bank_079\sound_003.wav" with handler "gta3.std.bank"
Found file [0x002002789A372EE6] "GENRL\Hellicopter sounds\Bank_079\sound_004.wav" with handler "gta3.std.bank"

Scanning files at "modloader\mixsets\"...
Found file [0x00000001802E32BD] "MixSets.asi" with handler "gta3.std.asi"
No handler or callme for file "MixSets.ini"
No handler or callme for file "MixSets.log"

Scanning files at "modloader\particle_sadx3\"...
Found file [0x000000007D55484D] "particle.txd" with handler "gta3.std.fx"

Scanning files at "modloader\proper fixes - legacy fix for rosa october 2025 or older\"...
Found file [0x00000204CEAA0D6F] "country_breakable.txd" with handler "gta3.std.stream"
Found file [0x0000020461DD10A6] "cxrf_indstuff.txd" with handler "gta3.std.stream"
Found file [0xFFFFFFFFFFFFFFFF] "Loader.txt" with handler "<none>"
Found file [0x00000204972CA0E8] "pylons.txd" with handler "gta3.std.stream"
Found file [0x0000020467CAFE4B] "refinery.txd" with handler "gta3.std.stream"
Found file [0x0000000C7D168722] "SA Optimized Map - Legacy Fix.ide" with handler "gta3.std.data"

Scanning files at "modloader\proper player retex 3.0\"...
Found file [0xFFFFFFFFFFFFFFFF] "1-DO NOT PUT IN MODPACKS.txt" with handler "<none>"
Found file [0xFFFFFFFFFFFFFFFF] "Leiame (ou morra).txt" with handler "<none>"
Found file [0x00000001659EFE33] "models\models\txd\LD_TATT.txd" with handler "gta3.std.sprites"
Found file [0x0000000121E48645] "models\player.img" with handler "gta3.std.stream"
Found file [0xFFFFFFFFFFFFFFFF] "Readme (or die).txt" with handler "<none>"

Scanning files at "modloader\real ped overhaul\"...
Found file [0x00000002039B3AE3] "CLEO\Bag.cs" with handler "gta3.std.asi"
Found file [0x00000002793C601D] "CLEO\Briefcase.cs" with handler "gta3.std.asi"
Found file [0x0000000229FC4376] "CLEO\Cane.cs" with handler "gta3.std.asi"
No handler or callme for file "CLEO\cleo_audio\music01.mp3"
No handler or callme for file "CLEO\cleo_audio\phone.mp3"
No handler or callme for file "CLEO\cleo_audio\Whistle.mp3"
Found file [0x00000002AB7ED0B2] "CLEO\Newspaper.cs" with handler "gta3.std.asi"
Found file [0x000000026E8EAE36] "CLEO\Real_peds.cs" with handler "gta3.std.asi"
Found file [0x000000020BB33328] "CLEO\Real_peds2.cs" with handler "gta3.std.asi"
Found file [0x0000000232338979] "CLEO\Shopping bag.cs" with handler "gta3.std.asi"
Found file [0x00000002B217610F] "CLEO\Taxi.cs" with handler "gta3.std.asi"
Found file [0x0000000C0949ACE7] "data\maps\mans_with_objects.IDE" with handler "gta3.std.data"
Found file [0xFFFFFFFFFFFFFFFF] "Loader.txt" with handler "<none>"
Found file [0x00000104F124BE63] "models\bagtra1.dff" with handler "gta3.std.stream"
Found file [0x0000020402FDCA8F] "models\bagtra1.txd" with handler "gta3.std.stream"
Found file [0x0000010472CE8D48] "models\bagtra2.dff" with handler "gta3.std.stream"
Found file [0x000002045CA75B78] "models\bagtra2.txd" with handler "gta3.std.stream"
Found file [0x0000020477619FB9] "models\breifcase.txd" with handler "gta3.std.stream"
Found file [0x00000104D4136535] "models\briefcase.dff" with handler "gta3.std.stream"
Found file [0x000002045938E6E9] "models\chopcopX.txd" with handler "gta3.std.stream"
Found file [0x000001040DEAE71B] "models\chopcop_torso.dff" with handler "gta3.std.stream"
Found file [0x00000104FD185BC9] "models\GAZETA.dff" with handler "gta3.std.stream"
Found file [0x00000204F33F5B05] "models\GAZETA.txd" with handler "gta3.std.stream"
Found file [0x00000604586BEB36] "models\guitar.ifp" with handler "gta3.std.stream"
Found file [0x00000104F4ABBEE1] "models\gun_cane.dff" with handler "gta3.std.stream"
Found file [0x00000204DA84864D] "models\gun_cane.txd" with handler "gta3.std.stream"
Found file [0x0000060415AAEE91] "models\MENS_OBJ.ifp" with handler "gta3.std.stream"
Found file [0x000003041902DCD0] "models\METLA.col" with handler "gta3.std.stream"
Found file [0x000003043405B888] "models\minewa.col" with handler "gta3.std.stream"
Found file [0x000001042B1276CA] "models\minewa.dff" with handler "gta3.std.stream"
Found file [0x0000020440EB89BA] "models\minewa.txd" with handler "gta3.std.stream"
Found file [0x00000104A18C96A7] "models\newspA.dff" with handler "gta3.std.stream"
Found file [0x000002048BB383EB] "models\newspA.txd" with handler "gta3.std.stream"
Found file [0x00000104D132402C] "models\newspB.dff" with handler "gta3.std.stream"
Found file [0x00000204D309A164] "models\newspB.txd" with handler "gta3.std.stream"
Found file [0x0000010496ECC2CD] "models\oldcane.dff" with handler "gta3.std.stream"
Found file [0x00000204A4C5C921] "models\oldcane.txd" with handler "gta3.std.stream"
Found file [0x000001041E8B0C1E] "models\PAKET.dff" with handler "gta3.std.stream"
Found file [0x000002042C641376] "models\PAKET.txd" with handler "gta3.std.stream"
Found file [0x000006047937A18D] "models\Reads.ifp" with handler "gta3.std.stream"
Found file [0x000001047C38C4CE] "models\shobag1.dff" with handler "gta3.std.stream"
Found file [0x000002046A614AA6] "models\shobag1.txd" with handler "gta3.std.stream"
Found file [0x00000104AE662015] "models\shobag2.dff" with handler "gta3.std.stream"
Found file [0x00000204CC3F4059] "models\shobag2.txd" with handler "gta3.std.stream"
Found file [0x00000604033EE8AA] "models\trost.ifp" with handler "gta3.std.stream"
Found file [0xFFFFFFFFFFFFFFFF] "readme.txt" with handler "<none>"
No handler or callme for file "RepairGTA.log"
Found file [0x00000001266C5E35] "RepairGTA.SA.asi" with handler "gta3.std.asi"

Scanning files at "modloader\rosa project evolved -  exterior\"...
Found file [0x00000022870D997E] "Files\data\weapon.dat" with handler "gta3.std.data"
No handler or callme for file "Files\models\generic\desktop.ini"
Found file [0x00000000E69BA2E1] "Files\models\generic\vehicle.txd" with handler "gta3.std.fx"
Found file [0x00000001E5000E7F] "Files\models\gta3.img" with handler "gta3.std.stream"
Found file [0x000000017D6D58EB] "Files\models\rosa_evolved_a.img" with handler "gta3.std.stream"
Found file [0x00000001DD0AA3EC] "Files\models\rosa_evolved_b.img" with handler "gta3.std.stream"
Found file [0x0000000133658B3D] "Files\models\rosa_evolved_c.img" with handler "gta3.std.stream"
Found file [0x0000000173A074DE] "Files\models\rosa_evolved_d.img" with handler "gta3.std.stream"
Found file [0x000001043895548E] "Files\rosa-dff\gta3\adrenaline.dff" with handler "gta3.std.stream"
Found file [0x00000104ED114BF0] "Files\rosa-dff\gta3\ak47.dff" with handler "gta3.std.stream"
Found file [0x0000010446986727] "Files\rosa-dff\gta3\armour.dff" with handler "gta3.std.stream"
Found file [0x000001042AAEB2C4] "Files\rosa-dff\gta3\bat.dff" with handler "gta3.std.stream"
Found file [0x00000104AA1C0C11] "Files\rosa-dff\gta3\bigdollar.dff" with handler "gta3.std.stream"
Found file [0x00000104192FD63F] "Files\rosa-dff\gta3\bodyarmour.dff" with handler "gta3.std.stream"
Found file [0x00000104735C9097] "Files\rosa-dff\gta3\bomb.dff" with handler "gta3.std.stream"
Found file [0x0000010454363361] "Files\rosa-dff\gta3\brassknuckle.dff" with handler "gta3.std.stream"
Found file [0x00000104D2500D8F] "Files\rosa-dff\gta3\bribe.dff" with handler "gta3.std.stream"
Found file [0x00000104E9B117B2] "Files\rosa-dff\gta3\camera.dff" with handler "gta3.std.stream"
Found file [0x00000104852E24F1] "Files\rosa-dff\gta3\cellphone.dff" with handler "gta3.std.stream"
Found file [0x00000104BC7F8D1F] "Files\rosa-dff\gta3\chnsaw.dff" with handler "gta3.std.stream"
Found file [0x00000104E72C1A31] "Files\rosa-dff\gta3\chromegun.dff" with handler "gta3.std.stream"
Found file [0x00000104C162BAD0] "Files\rosa-dff\gta3\colt45.dff" with handler "gta3.std.stream"
Found file [0x00000104D1D4CAF9] "Files\rosa-dff\gta3\cuntgun.dff" with handler "gta3.std.stream"
Found file [0x0000010401CA910D] "Files\rosa-dff\gta3\desert_eagle.dff" with handler "gta3.std.stream"
Found file [0x0000010452D4D57F] "Files\rosa-dff\gta3\diamond_3.dff" with handler "gta3.std.stream"
Found file [0x000001041E0BB659] "Files\rosa-dff\gta3\fire_ex.dff" with handler "gta3.std.stream"
Found file [0x0000010425E8C404] "Files\rosa-dff\gta3\flame.dff" with handler "gta3.std.stream"
Found file [0x000001045DCA0365] "Files\rosa-dff\gta3\flare.dff" with handler "gta3.std.stream"
Found file [0x0000010406A68633] "Files\rosa-dff\gta3\flowera.dff" with handler "gta3.std.stream"
Found file [0x000001040D651F98] "Files\rosa-dff\gta3\flowerb.dff" with handler "gta3.std.stream"
Found file [0x00000104AECBC687] "Files\rosa-dff\gta3\golfclub.dff" with handler "gta3.std.stream"
Found file [0x0000010478C1FC5F] "Files\rosa-dff\gta3\grenade.dff" with handler "gta3.std.stream"
Found file [0x00000104A7865C89] "Files\rosa-dff\gta3\gun_boxbig.dff" with handler "gta3.std.stream"
Found file [0x0000010456292C8E] "Files\rosa-dff\gta3\gun_boxwee.dff" with handler "gta3.std.stream"
Found file [0x00000104F4ABBEE1] "Files\rosa-dff\gta3\gun_cane.dff" with handler "gta3.std.stream"
Found file [0x00000104AE1FB367] "Files\rosa-dff\gta3\gun_dildo1.dff" with handler "gta3.std.stream"
Found file [0x00000104E03FC5EC] "Files\rosa-dff\gta3\gun_dildo2.dff" with handler "gta3.std.stream"
Found file [0x000001045C42B0B4] "Files\rosa-dff\gta3\gun_para.dff" with handler "gta3.std.stream"
Found file [0x00000104A4DF402B] "Files\rosa-dff\gta3\gun_vibe1.dff" with handler "gta3.std.stream"
Found file [0x000001041F96E350] "Files\rosa-dff\gta3\gun_vibe2.dff" with handler "gta3.std.stream"
Found file [0x000001045709F539] "Files\rosa-dff\gta3\health.dff" with handler "gta3.std.stream"
Found file [0x00000104A85B4AA1] "Files\rosa-dff\gta3\heatseek.dff" with handler "gta3.std.stream"
Found file [0x00000104FBA9C71A] "Files\rosa-dff\gta3\hern.dff" with handler "gta3.std.stream"
Found file [0x00000104B2030D56] "Files\rosa-dff\gta3\irgoggles.dff" with handler "gta3.std.stream"
Found file [0x0000010478E35367] "Files\rosa-dff\gta3\jetpack.dff" with handler "gta3.std.stream"
Found file [0x0000010409A75E59] "Files\rosa-dff\gta3\katana.dff" with handler "gta3.std.stream"
Found file [0x000001042FE52887] "Files\rosa-dff\gta3\kendl.dff" with handler "gta3.std.stream"
Found file [0x00000104B3EF4D4F] "Files\rosa-dff\gta3\kmb_parachute.dff" with handler "gta3.std.stream"
Found file [0x00000104EC116618] "Files\rosa-dff\gta3\knifecur.dff" with handler "gta3.std.stream"
Found file [0x000001043567FBB0] "Files\rosa-dff\gta3\m4.dff" with handler "gta3.std.stream"
Found file [0x000001042A37D55A] "Files\rosa-dff\gta3\micro_uzi.dff" with handler "gta3.std.stream"
Found file [0x00000104E66D323C] "Files\rosa-dff\gta3\minigun.dff" with handler "gta3.std.stream"
Found file [0x000001046831472A] "Files\rosa-dff\gta3\minigun2.dff" with handler "gta3.std.stream"
Found file [0x000001044CF53F01] "Files\rosa-dff\gta3\missile.dff" with handler "gta3.std.stream"
Found file [0x0000010466D3C17F] "Files\rosa-dff\gta3\molotov.dff" with handler "gta3.std.stream"
Found file [0x00000104909BD82D] "Files\rosa-dff\gta3\money.dff" with handler "gta3.std.stream"
Found file [0x000001047B8D56CA] "Files\rosa-dff\gta3\mp5lng.dff" with handler "gta3.std.stream"
Found file [0x00000104330D263B] "Files\rosa-dff\gta3\nitestick.dff" with handler "gta3.std.stream"
Found file [0x000001046E4816A1] "Files\rosa-dff\gta3\nvgoggles.dff" with handler "gta3.std.stream"
Found file [0x000001049FD1668C] "Files\rosa-dff\gta3\pickupsave.dff" with handler "gta3.std.stream"
Found file [0x000001040A67E232] "Files\rosa-dff\gta3\poolcue.dff" with handler "gta3.std.stream"
Found file [0x000001045D2D85AE] "Files\rosa-dff\gta3\pulaski.dff" with handler "gta3.std.stream"
Found file [0x00000104DA77CB5A] "Files\rosa-dff\gta3\rocketla.dff" with handler "gta3.std.stream"
Found file [0x0000010447393DE5] "Files\rosa-dff\gta3\ryder2.dff" with handler "gta3.std.stream"
Found file [0x000001044F32A51C] "Files\rosa-dff\gta3\ryder3.dff" with handler "gta3.std.stream"
Found file [0x00000104A8964DEB] "Files\rosa-dff\gta3\satchel.dff" with handler "gta3.std.stream"
Found file [0x00000104C91E2D7F] "Files\rosa-dff\gta3\sawnoff.dff" with handler "gta3.std.stream"
Found file [0x00000104E9835D30] "Files\rosa-dff\gta3\shotgspa.dff" with handler "gta3.std.stream"
Found file [0x000001048964BEBE] "Files\rosa-dff\gta3\shovel.dff" with handler "gta3.std.stream"
Found file [0x0000010447988688] "Files\rosa-dff\gta3\silenced.dff" with handler "gta3.std.stream"
Found file [0x00000104283C5CE5] "Files\rosa-dff\gta3\skateboard.dff" with handler "gta3.std.stream"
Found file [0x000001042390588E] "Files\rosa-dff\gta3\sniper.dff" with handler "gta3.std.stream"
Found file [0x00000104A46DFD7C] "Files\rosa-dff\gta3\spraycan.dff" with handler "gta3.std.stream"
Found file [0x0000010496D7CC3B] "Files\rosa-dff\gta3\stalks.dff" with handler "gta3.std.stream"
Found file [0x000001041B06812D] "Files\rosa-dff\gta3\sweet.dff" with handler "gta3.std.stream"
Found file [0x0000010491A15D1A] "Files\rosa-dff\gta3\teargas.dff" with handler "gta3.std.stream"
Found file [0x00000104F00FD9B6] "Files\rosa-dff\gta3\tec9.dff" with handler "gta3.std.stream"
Found file [0x0000010496B5BCC1] "Files\rosa-dff\gta3\tenpen.dff" with handler "gta3.std.stream"
Found file [0x000001046F0C7FCA] "Files\rosa-dff\gta3\truth.dff" with handler "gta3.std.stream"
Found file [0x00000001C938705C] "Files\scripts\ImgLimitAdjuster.asi" with handler "gta3.std.asi"
Found file [0x0000000C12639FDB] "Files\txdp.ide" with handler "gta3.std.data"
Found file [0xFFFFFFFFFFFFFFFF] "Files\world_loader.txt" with handler "<none>"

Scanning files at "modloader\rosa project evolved - cutscene\"...
Found file [0xFFFFFFFFFFFFFFFF] "Files\cutscene_loader.txt" with handler "<none>"
Found file [0x0000000107582702] "Files\models\cutscene.img" with handler "gta3.std.stream"
Found file [0x000000015C2C13EE] "Files\models\proper_cutscene_retex.img" with handler "gta3.std.stream"
Found file [0x00000104A4B8AC54] "Files\models\rosa-dff\cutscene\cs9mm.dff" with handler "gta3.std.stream"
Found file [0x000001041B29326A] "Files\models\rosa-dff\cutscene\csbat.dff" with handler "gta3.std.stream"
Found file [0x00000104EF6FF139] "Files\models\rosa-dff\cutscene\csburgerbox.dff" with handler "gta3.std.stream"
Found file [0x000001041CAD5EB8] "Files\models\rosa-dff\cutscene\cscamera.dff" with handler "gta3.std.stream"
Found file [0x00000104B1A64D06] "Files\models\rosa-dff\cutscene\cscolt45.dff" with handler "gta3.std.stream"
Found file [0x0000010466D772E2] "Files\models\rosa-dff\cutscene\csdeserteagle.dff" with handler "gta3.std.stream"
Found file [0x00000104899BE0DD] "Files\models\rosa-dff\cutscene\csjetpack.dff" with handler "gta3.std.stream"
Found file [0x00000104053A3AED] "Files\models\rosa-dff\cutscene\cspaperbag.dff" with handler "gta3.std.stream"
Found file [0x000001049A38B4DA] "Files\models\rosa-dff\cutscene\cssilenced.dff" with handler "gta3.std.stream"

Scanning files at "modloader\rosa project evolved - interior\"...
Found file [0xFFFFFFFFFFFFFFFF] "Files\interior_loader.txt" with handler "<none>"
Found file [0x00000001C56E0FC4] "Files\models\gta_int.img" with handler "gta3.std.stream"
Found file [0x00000001FC3E81D6] "Files\models\proper_interior_retex.img" with handler "gta3.std.stream"
Found file [0x00000104B9B35A87] "Files\models\rosa-dff\gtaint\carter_statue.dff" with handler "gta3.std.stream"

Scanning files at "modloader\rzl-skin\"...

Scanning files at "modloader\vehfuncs\"...
Found file [0x00000001C6E9C7B2] "gsx.asi" with handler "gta3.std.asi"
No handler or callme for file "gsx.log"
Found file [0x0000000133AE51D4] "VehFuncs.asi" with handler "gta3.std.asi"
No handler or callme for file "VehFuncs.ini"
No handler or callme for file "VehFuncs.log"

Scanning files at "modloader\v_vegetation\"...
Found file [0x0000000C80747913] "data\maps\country\countn2.ide" with handler "gta3.std.data"
Found file [0x0000000CF2EA253B] "data\maps\country\countryS.ide" with handler "gta3.std.data"
Found file [0x0000000C6EE4E188] "data\maps\generic\procobj.ide" with handler "gta3.std.data"
Found file [0x0000000C745EA5D5] "data\maps\generic\vegepart.ide" with handler "gta3.std.data"
Found file [0x0000000D84C133EB] "data\maps\occluveg.ipl" with handler "gta3.std.data"
Found file [0x0000000CF47C877A] "data\maps\vegas\vegaxref.ide" with handler "gta3.std.data"
Found file [0x0000010416B083CC] "files\ash1_hi.dff" with handler "gta3.std.stream"
Found file [0x000001046DA37023] "files\ash_po.dff" with handler "gta3.std.stream"
Found file [0x000001041F802B98] "files\aw_streettree1.dff" with handler "gta3.std.stream"
Found file [0x0000010418C19233] "files\aw_streettree2.dff" with handler "gta3.std.stream"
Found file [0x00000104F0E1BE4A] "files\aw_streettree3.dff" with handler "gta3.std.stream"
Found file [0x00000204454DC5B7] "files\bevSA09.txd" with handler "gta3.std.stream"
Found file [0x000001041ECEC59D] "files\bg_fir_dead.dff" with handler "gta3.std.stream"
Found file [0x00000204C55CBE91] "files\cdrSA09.txd" with handler "gta3.std.stream"
Found file [0x000001040543B2A7] "files\ceasertree01_lvs.dff" with handler "gta3.std.stream"
Found file [0x00000104C683BAAC] "files\ceasertree02_lvs.dff" with handler "gta3.std.stream"
Found file [0x000001043569AC85] "files\cedar1_hi.dff" with handler "gta3.std.stream"
Found file [0x00000104211CEB4B] "files\cedar1_po.dff" with handler "gta3.std.stream"
Found file [0x00000104B1AD824C] "files\cedar2_hi.dff" with handler "gta3.std.stream"
Found file [0x00000104CD849682] "files\cedar2_po.dff" with handler "gta3.std.stream"
Found file [0x00000104CE6C1ECF] "files\cedar3_hi.dff" with handler "gta3.std.stream"
Found file [0x00000104B0C522D1] "files\cedar3_po.dff" with handler "gta3.std.stream"
Found file [0x000003040A78378B] "files\countrys_2.col" with handler "gta3.std.stream"
Found file [0x000003043332E452] "files\countrys_7.col" with handler "gta3.std.stream"
Found file [0x0000030452660F28] "files\countrys_9.col" with handler "gta3.std.stream"
Found file [0x000001043D8002CB] "files\cw2_mntfir05.dff" with handler "gta3.std.stream"
Found file [0x000001047517D3D4] "files\cw2_mntfir11.dff" with handler "gta3.std.stream"
Found file [0x000001049E1B0B36] "files\cw2_mntfir13.dff" with handler "gta3.std.stream"
Found file [0x00000104A9EF2B3B] "files\cw2_mntfir16.dff" with handler "gta3.std.stream"
Found file [0x00000104E7282C17] "files\cw2_mntfir27.dff" with handler "gta3.std.stream"
Found file [0x00000104B2D0067A] "files\cw2_weefirz08.dff" with handler "gta3.std.stream"
Found file [0x000001043B930FE3] "files\des_treeline1.dff" with handler "gta3.std.stream"
Found file [0x00000104BD3CDEC8] "files\des_treeline2.dff" with handler "gta3.std.stream"
Found file [0x00000204A29DEB10] "files\dtlnSA09.txd" with handler "gta3.std.stream"
Found file [0x00000104FA01402F] "files\elmdead_hi.dff" with handler "gta3.std.stream"
Found file [0x00000104DC5A4431] "files\elmdead_po.dff" with handler "gta3.std.stream"
Found file [0x0000010435BCCD86] "files\elmredsm_po.dff" with handler "gta3.std.stream"
Found file [0x0000010434DBB064] "files\elmred_hi.dff" with handler "gta3.std.stream"
Found file [0x0000010473291DAC] "files\elmred_hism.dff" with handler "gta3.std.stream"
Found file [0x00000104A510132A] "files\elmred_po.dff" with handler "gta3.std.stream"
Found file [0x0000020428574AFC] "files\elmSA09.txd" with handler "gta3.std.stream"
Found file [0x0000010466FF5F53] "files\elmsparsesm_po.dff" with handler "gta3.std.stream"
Found file [0x0000010406C34EED] "files\elmsparse_hi.dff" with handler "gta3.std.stream"
Found file [0x0000010408DE8165] "files\elmsparse_hism.dff" with handler "gta3.std.stream"
Found file [0x000001042590CF34] "files\elmtreegrn2_hi.dff" with handler "gta3.std.stream"
Found file [0x000001046B4D8EDA] "files\elmtreegrn2_po.dff" with handler "gta3.std.stream"
Found file [0x000001046E4E5986] "files\elmtreegrn_hi.dff" with handler "gta3.std.stream"
Found file [0x000001049D8E9BE2] "files\elmtreegrn_hism.dff" with handler "gta3.std.stream"
Found file [0x0000010459198E48] "files\elmtreegrn_po.dff" with handler "gta3.std.stream"
Found file [0x000001042C553966] "files\elmweesm_po.dff" with handler "gta3.std.stream"
Found file [0x00000104FEF543C4] "files\elmwee_hi.dff" with handler "gta3.std.stream"
Found file [0x000001045AFE098C] "files\elmwee_hism.dff" with handler "gta3.std.stream"
Found file [0x00000204543F8485] "files\firrSA09.txd" with handler "gta3.std.stream"
Found file [0x00000204C5705433] "files\firSA09.txd" with handler "gta3.std.stream"
Found file [0x000001041047F83C] "files\firtree2.dff" with handler "gta3.std.stream"
Found file [0x0000010483F26AE5] "files\hashburytree4sfs.dff" with handler "gta3.std.stream"
Found file [0x00000104F83A1898] "files\hazeltall_hi.dff" with handler "gta3.std.stream"
Found file [0x000001042A6E0F9A] "files\hazelweetree_hi.dff" with handler "gta3.std.stream"
Found file [0x00000104E4B2E3F4] "files\hazelweetree_po.dff" with handler "gta3.std.stream"
Found file [0x00000204F6DEFA93] "files\hipSA09.txd" with handler "gta3.std.stream"
Found file [0x000002045DFD2965] "files\imdeSA09.txd" with handler "gta3.std.stream"
Found file [0x0000020440590AD8] "files\irriSA09.txd" with handler "gta3.std.stream"
Found file [0x0000020408832D82] "files\joshSA09.txd" with handler "gta3.std.stream"
Found file [0x00000204463FACC4] "files\lcstSA09.txd" with handler "gta3.std.stream"
Found file [0x00000204D18EEB00] "files\lngaSA09.txd" with handler "gta3.std.stream"
Found file [0x00000104CF6A8451] "files\locust_hi.dff" with handler "gta3.std.stream"
Found file [0x00000104D49DC65F] "files\locust_po.dff" with handler "gta3.std.stream"
Found file [0x0000020478BAAC0D] "files\LODSA09.txd" with handler "gta3.std.stream"
Found file [0x00000104680D7D47] "files\lod_largefurs05.dff" with handler "gta3.std.stream"
Found file [0x000001049A2D8FCC] "files\lod_largefurs06.dff" with handler "gta3.std.stream"
Found file [0x00000104CD1D6515] "files\lod_largefurs07.dff" with handler "gta3.std.stream"
Found file [0x00000104E006D9F4] "files\lod_redwoodgrp.dff" with handler "gta3.std.stream"
Found file [0x00000104E32017E1] "files\lod_vbg_fir_co.dff" with handler "gta3.std.stream"
Found file [0x0000010424B95427] "files\lod_vegvbbigbrn.dff" with handler "gta3.std.stream"
Found file [0x0000020433C926BD] "files\lrgSA09.txd" with handler "gta3.std.stream"
Found file [0x0000020410A0328A] "files\lsgrSA09.txd" with handler "gta3.std.stream"
Found file [0x0000020428900652] "files\lubsSA09.txd" with handler "gta3.std.stream"
Found file [0x000002048D63696B] "files\palmsSA09.txd" with handler "gta3.std.stream"
Found file [0x00000104A9A37E56] "files\pinebg_hi.dff" with handler "gta3.std.stream"
Found file [0x00000104E2568052] "files\pinebg_hism.dff" with handler "gta3.std.stream"
Found file [0x0000010412C2F178] "files\pinebg_po.dff" with handler "gta3.std.stream"
Found file [0x0000020428C581F4] "files\pineSA09.txd" with handler "gta3.std.stream"
Found file [0x00000204BC951A1D] "files\pineSA09a.txd" with handler "gta3.std.stream"
Found file [0x000001049B658A00] "files\pinetree01.dff" with handler "gta3.std.stream"
Found file [0x0000010459BC1F9B] "files\pinetree02.dff" with handler "gta3.std.stream"
Found file [0x0000010436F372B2] "files\pinetree03.dff" with handler "gta3.std.stream"
Found file [0x00000104E9921FFD] "files\pinetree04.dff" with handler "gta3.std.stream"
Found file [0x00000104B18B22B4] "files\pinetree05.dff" with handler "gta3.std.stream"
Found file [0x000001041D7E490F] "files\pinetree06.dff" with handler "gta3.std.stream"
Found file [0x00000104DA8E5A16] "files\pinetree07.dff" with handler "gta3.std.stream"
Found file [0x0000010473B0C121] "files\pinetree08.dff" with handler "gta3.std.stream"
Found file [0x00000304C5D2BF74] "files\procobj.col" with handler "gta3.std.stream"
Found file [0x0000020438AD34E5] "files\rdwdSA09.txd" with handler "gta3.std.stream"
Found file [0x00000104DE4C12A9] "files\sand_josh1.dff" with handler "gta3.std.stream"
Found file [0x000001048A6A8EB2] "files\sand_josh2.dff" with handler "gta3.std.stream"
Found file [0x00000104655E7235] "files\sjmpalm.dff" with handler "gta3.std.stream"
Found file [0x000001042D462441] "files\sjmpalmbig.dff" with handler "gta3.std.stream"
Found file [0x00000104AE748F2F] "files\sjmpalmbigpv.dff" with handler "gta3.std.stream"
Found file [0x0000010442F8EF28] "files\sjmpalmtall.dff" with handler "gta3.std.stream"
Found file [0x000001044B74EF94] "files\sm_bevhiltree.dff" with handler "gta3.std.stream"
Found file [0x00000104407106E2] "files\sm_bevhiltreepv.dff" with handler "gta3.std.stream"
Found file [0x000001043C4F9488] "files\sm_bushvbig.dff" with handler "gta3.std.stream"
Found file [0x00000104D457DBE5] "files\sm_bushytree.dff" with handler "gta3.std.stream"
Found file [0x00000104D6F4BDB6] "files\sm_des_josh_lrg1.dff" with handler "gta3.std.stream"
Found file [0x00000104E5F8829D] "files\sm_des_josh_lrg2.dff" with handler "gta3.std.stream"
Found file [0x00000104FE78C7F2] "files\sm_des_josh_sm2.dff" with handler "gta3.std.stream"
Found file [0x000001043F5C9B41] "files\sm_des_josh_sml1.dff" with handler "gta3.std.stream"
Found file [0x00000104C1CA6567] "files\sm_firtallded.dff" with handler "gta3.std.stream"
Found file [0x000001047F531CC5] "files\sm_firtbshg.dff" with handler "gta3.std.stream"
Found file [0x00000104E9D922C8] "files\sm_fir_.dff" with handler "gta3.std.stream"
Found file [0x0000010422EB1657] "files\sm_fir_copse1.dff" with handler "gta3.std.stream"
Found file [0x000001045BFD549C] "files\sm_fir_copse2.dff" with handler "gta3.std.stream"
Found file [0x000001041BACE6F6] "files\sm_fir_dead.dff" with handler "gta3.std.stream"
Found file [0x000001045805BDB1] "files\sm_fir_group.dff" with handler "gta3.std.stream"
Found file [0x00000104B9DD95EC] "files\sm_fir_scabby.dff" with handler "gta3.std.stream"
Found file [0x000001042F17086A] "files\sm_fir_scabg.dff" with handler "gta3.std.stream"
Found file [0x0000010449CDF632] "files\sm_fir_scabg_po.dff" with handler "gta3.std.stream"
Found file [0x000001049BCE34F1] "files\sm_fir_scabt.dff" with handler "gta3.std.stream"
Found file [0x00000104080E82B4] "files\sm_fir_scabtg.dff" with handler "gta3.std.stream"
Found file [0x00000104E6E46ED5] "files\sm_fir_tall.dff" with handler "gta3.std.stream"
Found file [0x000001045B59EEAE] "files\sm_fir_tallgroup.dff" with handler "gta3.std.stream"
Found file [0x00000104084BE075] "files\sm_redwoodgrp.dff" with handler "gta3.std.stream"
Found file [0x000001041CDB295F] "files\sm_redwood_.dff" with handler "gta3.std.stream"
Found file [0x0000010428137266] "files\sm_vegvbbig.dff" with handler "gta3.std.stream"
Found file [0x0000010477C01064] "files\sm_vegvbbigbrn.dff" with handler "gta3.std.stream"
Found file [0x00000104966D2505] "files\sm_veg_tree4.dff" with handler "gta3.std.stream"
Found file [0x00000104AED2FCCA] "files\sm_veg_tree4_big.dff" with handler "gta3.std.stream"
Found file [0x00000104429D8888] "files\sm_veg_tree4_vbig.dff" with handler "gta3.std.stream"
Found file [0x000001049BEC243C] "files\sm_veg_tree5.dff" with handler "gta3.std.stream"
Found file [0x00000104F1FAA977] "files\sm_veg_tree6.dff" with handler "gta3.std.stream"
Found file [0x00000104C2BDF3BA] "files\sm_veg_tree7vbig.dff" with handler "gta3.std.stream"
Found file [0x000001044D73EAFD] "files\sm_veg_tree7_big.dff" with handler "gta3.std.stream"
Found file [0x00000104B511F309] "files\sprucetree_hi.dff" with handler "gta3.std.stream"
Found file [0x00000204537D4531] "files\strSA09.txd" with handler "gta3.std.stream"
Found file [0x00000104BB305529] "files\tree_hipoly04.dff" with handler "gta3.std.stream"
Found file [0x00000104674ED132] "files\tree_hipoly07.dff" with handler "gta3.std.stream"
Found file [0x0000010427CDE415] "files\tree_hipoly08.dff" with handler "gta3.std.stream"
Found file [0x00000104F4DE0ECC] "files\tree_hipoly09.dff" with handler "gta3.std.stream"
Found file [0x000001046CFA904A] "files\tree_hipoly09b.dff" with handler "gta3.std.stream"
Found file [0x0000010439B07626] "files\tree_hipoly10.dff" with handler "gta3.std.stream"
Found file [0x000001044431901F] "files\tree_hipoly11.dff" with handler "gta3.std.stream"
Found file [0x00000104988FF7C2] "files\tree_hipoly14.dff" with handler "gta3.std.stream"
Found file [0x000001042D0D5A97] "files\tree_hipoly19.dff" with handler "gta3.std.stream"
Found file [0x000001042611BE97] "files\vbg_fir_copse.dff" with handler "gta3.std.stream"
Found file [0x00000304814F5911] "files\vegaxref.col" with handler "gta3.std.stream"
Found file [0x000003047AB97B61] "files\vegepart.col" with handler "gta3.std.stream"
Found file [0x0000010431C1E986] "files\veg_bevtree1.dff" with handler "gta3.std.stream"
Found file [0x000001043EEAA9AD] "files\veg_bevtree2.dff" with handler "gta3.std.stream"
Found file [0x000001040E73AA64] "files\veg_bevtree3.dff" with handler "gta3.std.stream"
Found file [0x00000104E95560E8] "files\veg_largefurs01.dff" with handler "gta3.std.stream"
Found file [0x0000010467AB9103] "files\veg_largefurs02.dff" with handler "gta3.std.stream"
Found file [0x000001044443801A] "files\veg_largefurs03.dff" with handler "gta3.std.stream"
Found file [0x00000104F7819165] "files\veg_largefurs04.dff" with handler "gta3.std.stream"
Found file [0x00000104FF7AF89C] "files\veg_largefurs05.dff" with handler "gta3.std.stream"
Found file [0x00000104C668BA57] "files\veg_largefurs06.dff" with handler "gta3.std.stream"
Found file [0x00000104BE62089E] "files\veg_largefurs07.dff" with handler "gta3.std.stream"
Found file [0x00000104690D0FB3] "files\veg_palm01.dff" with handler "gta3.std.stream"
Found file [0x000001046FCBA918] "files\veg_palm02.dff" with handler "gta3.std.stream"
Found file [0x000001046E2D8BE1] "files\veg_palm03.dff" with handler "gta3.std.stream"
Found file [0x00000104BFC3870E] "files\veg_palm04.dff" with handler "gta3.std.stream"
Found file [0x0000010421313C3B] "files\veg_palmbig14.dff" with handler "gta3.std.stream"
Found file [0x00000104F29FCD59] "files\veg_palmkb13.dff" with handler "gta3.std.stream"
Found file [0x00000104A60AE896] "files\veg_palmkb5.dff" with handler "gta3.std.stream"
Found file [0x00000104A103C703] "files\veg_palmkbb11.dff" with handler "gta3.std.stream"
Found file [0x000001044F299C47] "files\veg_palwee01.dff" with handler "gta3.std.stream"
Found file [0x000001048149AECC] "files\veg_palwee02.dff" with handler "gta3.std.stream"
Found file [0x00000104B4398415] "files\veg_palwee03.dff" with handler "gta3.std.stream"
Found file [0x00000104B902DEA9] "files\veg_tree3.dff" with handler "gta3.std.stream"
Found file [0x000001042DEB8A90] "files\veg_treea1.dff" with handler "gta3.std.stream"
Found file [0x000001048B541382] "files\veg_treea3.dff" with handler "gta3.std.stream"
Found file [0x000001040F2C033D] "files\veg_treeb1.dff" with handler "gta3.std.stream"
Found file [0x00000104C714C0DD] "files\vgsn_nitree_b01.dff" with handler "gta3.std.stream"
Found file [0x00000104B810FBF6] "files\vgsn_nitree_b02.dff" with handler "gta3.std.stream"
Found file [0x000001044BB45F78] "files\vgsn_nitree_g01.dff" with handler "gta3.std.stream"
Found file [0x00000104D19C1F93] "files\vgsn_nitree_g02.dff" with handler "gta3.std.stream"
Found file [0x00000104D0C65BAD] "files\vgsn_nitree_r01.dff" with handler "gta3.std.stream"
Found file [0x00000104C39D9B86] "files\vgsn_nitree_r02.dff" with handler "gta3.std.stream"
Found file [0x0000010409AB2A26] "files\vgsn_nitree_y01.dff" with handler "gta3.std.stream"
Found file [0x00000104194CC04D] "files\vgsn_nitree_y02.dff" with handler "gta3.std.stream"
Found file [0x000001043DDF3341] "files\vgs_palm01.dff" with handler "gta3.std.stream"
Found file [0x000001040E647A2A] "files\vgs_palm02.dff" with handler "gta3.std.stream"
Found file [0x0000010436444E13] "files\vgs_palm03.dff" with handler "gta3.std.stream"
Found file [0x00000104020AC7EC] "files\vgs_palm04.dff" with handler "gta3.std.stream"
Found file [0x000001049F78003F] "files\vgs_palmvtall.dff" with handler "gta3.std.stream"

Scanning files at "modloader\weaponrecoilauto\"...
Found file [0x000000023FC05CE2] "cleo\WeaponRecoilAuto.cs" with handler "gta3.std.asi"
No handler or callme for file "cleo\WeaponRecoilAuto.ini"

Updating mods for "modloader\"...
Updating state for "modloader\mixsets\"...
Installing file "modloader\mixsets\mixsets.asi"
No files in "modloader\rzl-skin\"...
Updating state for "modloader\vehfuncs\"...
Installing file "modloader\vehfuncs\gsx.asi"
Installing file "modloader\vehfuncs\vehfuncs.asi"
Updating state for "modloader\enhancefx\"...
Installing file "modloader\enhancefx\enhancefx.asi"
Updating state for "modloader\gps redux\"...
Installing file "modloader\gps redux\sa.gps.log.txt"
Installing file "modloader\gps redux\sa.gps.redux.asi"
Updating state for "modloader\data_sadx3\"...
Installing file "modloader\data_sadx3\timecyc.dat"
Updating state for "modloader\v_vegetation\"...
Installing file "modloader\v_vegetation\data\maps\country\countn2.ide"
Installing file "modloader\v_vegetation\data\maps\country\countrys.ide"
Installing file "modloader\v_vegetation\data\maps\generic\procobj.ide"
Installing file "modloader\v_vegetation\data\maps\generic\vegepart.ide"
Installing file "modloader\v_vegetation\data\maps\occluveg.ipl"
Installing file "modloader\v_vegetation\data\maps\vegas\vegaxref.ide"
Installing file "modloader\v_vegetation\files\ash1_hi.dff"
Installing file "modloader\v_vegetation\files\ash_po.dff"
Installing file "modloader\v_vegetation\files\aw_streettree1.dff"
Installing file "modloader\v_vegetation\files\aw_streettree2.dff"
Installing file "modloader\v_vegetation\files\aw_streettree3.dff"
Installing file "modloader\v_vegetation\files\bevsa09.txd"
Installing file "modloader\v_vegetation\files\bg_fir_dead.dff"
Installing file "modloader\v_vegetation\files\cdrsa09.txd"
Installing file "modloader\v_vegetation\files\ceasertree01_lvs.dff"
Installing file "modloader\v_vegetation\files\ceasertree02_lvs.dff"
Installing file "modloader\v_vegetation\files\cedar1_hi.dff"
Installing file "modloader\v_vegetation\files\cedar1_po.dff"
Installing file "modloader\v_vegetation\files\cedar2_hi.dff"
Installing file "modloader\v_vegetation\files\cedar2_po.dff"
Installing file "modloader\v_vegetation\files\cedar3_hi.dff"
Installing file "modloader\v_vegetation\files\cedar3_po.dff"
Installing file "modloader\v_vegetation\files\countrys_2.col"
Installing file "modloader\v_vegetation\files\countrys_7.col"
Installing file "modloader\v_vegetation\files\countrys_9.col"
Installing file "modloader\v_vegetation\files\cw2_mntfir05.dff"
Installing file "modloader\v_vegetation\files\cw2_mntfir11.dff"
Installing file "modloader\v_vegetation\files\cw2_mntfir13.dff"
Installing file "modloader\v_vegetation\files\cw2_mntfir16.dff"
Installing file "modloader\v_vegetation\files\cw2_mntfir27.dff"
Installing file "modloader\v_vegetation\files\cw2_weefirz08.dff"
Installing file "modloader\v_vegetation\files\des_treeline1.dff"
Installing file "modloader\v_vegetation\files\des_treeline2.dff"
Installing file "modloader\v_vegetation\files\dtlnsa09.txd"
Installing file "modloader\v_vegetation\files\elmdead_hi.dff"
Installing file "modloader\v_vegetation\files\elmdead_po.dff"
Installing file "modloader\v_vegetation\files\elmred_hi.dff"
Installing file "modloader\v_vegetation\files\elmred_hism.dff"
Installing file "modloader\v_vegetation\files\elmred_po.dff"
Installing file "modloader\v_vegetation\files\elmredsm_po.dff"
Installing file "modloader\v_vegetation\files\elmsa09.txd"
Installing file "modloader\v_vegetation\files\elmsparse_hi.dff"
Installing file "modloader\v_vegetation\files\elmsparse_hism.dff"
Installing file "modloader\v_vegetation\files\elmsparsesm_po.dff"
Installing file "modloader\v_vegetation\files\elmtreegrn2_hi.dff"
Installing file "modloader\v_vegetation\files\elmtreegrn2_po.dff"
Installing file "modloader\v_vegetation\files\elmtreegrn_hi.dff"
Installing file "modloader\v_vegetation\files\elmtreegrn_hism.dff"
Installing file "modloader\v_vegetation\files\elmtreegrn_po.dff"
Installing file "modloader\v_vegetation\files\elmwee_hi.dff"
Installing file "modloader\v_vegetation\files\elmwee_hism.dff"
Installing file "modloader\v_vegetation\files\elmweesm_po.dff"
Installing file "modloader\v_vegetation\files\firrsa09.txd"
Installing file "modloader\v_vegetation\files\firsa09.txd"
Installing file "modloader\v_vegetation\files\firtree2.dff"
Installing file "modloader\v_vegetation\files\hashburytree4sfs.dff"
Installing file "modloader\v_vegetation\files\hazeltall_hi.dff"
Installing file "modloader\v_vegetation\files\hazelweetree_hi.dff"
Installing file "modloader\v_vegetation\files\hazelweetree_po.dff"
Installing file "modloader\v_vegetation\files\hipsa09.txd"
Installing file "modloader\v_vegetation\files\imdesa09.txd"
Installing file "modloader\v_vegetation\files\irrisa09.txd"
Installing file "modloader\v_vegetation\files\joshsa09.txd"
Installing file "modloader\v_vegetation\files\lcstsa09.txd"
Installing file "modloader\v_vegetation\files\lngasa09.txd"
Installing file "modloader\v_vegetation\files\locust_hi.dff"
Installing file "modloader\v_vegetation\files\locust_po.dff"
Installing file "modloader\v_vegetation\files\lod_largefurs05.dff"
Installing file "modloader\v_vegetation\files\lod_largefurs06.dff"
Installing file "modloader\v_vegetation\files\lod_largefurs07.dff"
Installing file "modloader\v_vegetation\files\lod_redwoodgrp.dff"
Installing file "modloader\v_vegetation\files\lod_vbg_fir_co.dff"
Installing file "modloader\v_vegetation\files\lod_vegvbbigbrn.dff"
Installing file "modloader\v_vegetation\files\lodsa09.txd"
Installing file "modloader\v_vegetation\files\lrgsa09.txd"
Installing file "modloader\v_vegetation\files\lsgrsa09.txd"
Installing file "modloader\v_vegetation\files\lubssa09.txd"
Installing file "modloader\v_vegetation\files\palmssa09.txd"
Installing file "modloader\v_vegetation\files\pinebg_hi.dff"
Installing file "modloader\v_vegetation\files\pinebg_hism.dff"
Installing file "modloader\v_vegetation\files\pinebg_po.dff"
Installing file "modloader\v_vegetation\files\pinesa09.txd"
Installing file "modloader\v_vegetation\files\pinesa09a.txd"
Installing file "modloader\v_vegetation\files\pinetree01.dff"
Installing file "modloader\v_vegetation\files\pinetree02.dff"
Installing file "modloader\v_vegetation\files\pinetree03.dff"
Installing file "modloader\v_vegetation\files\pinetree04.dff"
Installing file "modloader\v_vegetation\files\pinetree05.dff"
Installing file "modloader\v_vegetation\files\pinetree06.dff"
Installing file "modloader\v_vegetation\files\pinetree07.dff"
Installing file "modloader\v_vegetation\files\pinetree08.dff"
Installing file "modloader\v_vegetation\files\procobj.col"
Installing file "modloader\v_vegetation\files\rdwdsa09.txd"
Installing file "modloader\v_vegetation\files\sand_josh1.dff"
Installing file "modloader\v_vegetation\files\sand_josh2.dff"
Installing file "modloader\v_vegetation\files\sjmpalm.dff"
Installing file "modloader\v_vegetation\files\sjmpalmbig.dff"
Installing file "modloader\v_vegetation\files\sjmpalmbigpv.dff"
Installing file "modloader\v_vegetation\files\sjmpalmtall.dff"
Installing file "modloader\v_vegetation\files\sm_bevhiltree.dff"
Installing file "modloader\v_vegetation\files\sm_bevhiltreepv.dff"
Installing file "modloader\v_vegetation\files\sm_bushvbig.dff"
Installing file "modloader\v_vegetation\files\sm_bushytree.dff"
Installing file "modloader\v_vegetation\files\sm_des_josh_lrg1.dff"
Installing file "modloader\v_vegetation\files\sm_des_josh_lrg2.dff"
Installing file "modloader\v_vegetation\files\sm_des_josh_sm2.dff"
Installing file "modloader\v_vegetation\files\sm_des_josh_sml1.dff"
Installing file "modloader\v_vegetation\files\sm_fir_.dff"
Installing file "modloader\v_vegetation\files\sm_fir_copse1.dff"
Installing file "modloader\v_vegetation\files\sm_fir_copse2.dff"
Installing file "modloader\v_vegetation\files\sm_fir_dead.dff"
Installing file "modloader\v_vegetation\files\sm_fir_group.dff"
Installing file "modloader\v_vegetation\files\sm_fir_scabby.dff"
Installing file "modloader\v_vegetation\files\sm_fir_scabg.dff"
Installing file "modloader\v_vegetation\files\sm_fir_scabg_po.dff"
Installing file "modloader\v_vegetation\files\sm_fir_scabt.dff"
Installing file "modloader\v_vegetation\files\sm_fir_scabtg.dff"
Installing file "modloader\v_vegetation\files\sm_fir_tall.dff"
Installing file "modloader\v_vegetation\files\sm_fir_tallgroup.dff"
Installing file "modloader\v_vegetation\files\sm_firtallded.dff"
Installing file "modloader\v_vegetation\files\sm_firtbshg.dff"
Installing file "modloader\v_vegetation\files\sm_redwood_.dff"
Installing file "modloader\v_vegetation\files\sm_redwoodgrp.dff"
Installing file "modloader\v_vegetation\files\sm_veg_tree4.dff"
Installing file "modloader\v_vegetation\files\sm_veg_tree4_big.dff"
Installing file "modloader\v_vegetation\files\sm_veg_tree4_vbig.dff"
Installing file "modloader\v_vegetation\files\sm_veg_tree5.dff"
Installing file "modloader\v_vegetation\files\sm_veg_tree6.dff"
Installing file "modloader\v_vegetation\files\sm_veg_tree7_big.dff"
Installing file "modloader\v_vegetation\files\sm_veg_tree7vbig.dff"
Installing file "modloader\v_vegetation\files\sm_vegvbbig.dff"
Installing file "modloader\v_vegetation\files\sm_vegvbbigbrn.dff"
Installing file "modloader\v_vegetation\files\sprucetree_hi.dff"
Installing file "modloader\v_vegetation\files\strsa09.txd"
Installing file "modloader\v_vegetation\files\tree_hipoly04.dff"
Installing file "modloader\v_vegetation\files\tree_hipoly07.dff"
Installing file "modloader\v_vegetation\files\tree_hipoly08.dff"
Installing file "modloader\v_vegetation\files\tree_hipoly09.dff"
Installing file "modloader\v_vegetation\files\tree_hipoly09b.dff"
Installing file "modloader\v_vegetation\files\tree_hipoly10.dff"
Installing file "modloader\v_vegetation\files\tree_hipoly11.dff"
Installing file "modloader\v_vegetation\files\tree_hipoly14.dff"
Installing file "modloader\v_vegetation\files\tree_hipoly19.dff"
Installing file "modloader\v_vegetation\files\vbg_fir_copse.dff"
Installing file "modloader\v_vegetation\files\veg_bevtree1.dff"
Installing file "modloader\v_vegetation\files\veg_bevtree2.dff"
Installing file "modloader\v_vegetation\files\veg_bevtree3.dff"
Installing file "modloader\v_vegetation\files\veg_largefurs01.dff"
Installing file "modloader\v_vegetation\files\veg_largefurs02.dff"
Installing file "modloader\v_vegetation\files\veg_largefurs03.dff"
Installing file "modloader\v_vegetation\files\veg_largefurs04.dff"
Installing file "modloader\v_vegetation\files\veg_largefurs05.dff"
Installing file "modloader\v_vegetation\files\veg_largefurs06.dff"
Installing file "modloader\v_vegetation\files\veg_largefurs07.dff"
Installing file "modloader\v_vegetation\files\veg_palm01.dff"
Installing file "modloader\v_vegetation\files\veg_palm02.dff"
Installing file "modloader\v_vegetation\files\veg_palm03.dff"
Installing file "modloader\v_vegetation\files\veg_palm04.dff"
Installing file "modloader\v_vegetation\files\veg_palmbig14.dff"
Installing file "modloader\v_vegetation\files\veg_palmkb13.dff"
Installing file "modloader\v_vegetation\files\veg_palmkb5.dff"
Installing file "modloader\v_vegetation\files\veg_palmkbb11.dff"
Installing file "modloader\v_vegetation\files\veg_palwee01.dff"
Installing file "modloader\v_vegetation\files\veg_palwee02.dff"
Installing file "modloader\v_vegetation\files\veg_palwee03.dff"
Installing file "modloader\v_vegetation\files\veg_tree3.dff"
Installing file "modloader\v_vegetation\files\veg_treea1.dff"
Installing file "modloader\v_vegetation\files\veg_treea3.dff"
Installing file "modloader\v_vegetation\files\veg_treeb1.dff"
Installing file "modloader\v_vegetation\files\vegaxref.col"
Installing file "modloader\v_vegetation\files\vegepart.col"
Installing file "modloader\v_vegetation\files\vgs_palm01.dff"
Installing file "modloader\v_vegetation\files\vgs_palm02.dff"
Installing file "modloader\v_vegetation\files\vgs_palm03.dff"
Installing file "modloader\v_vegetation\files\vgs_palm04.dff"
Installing file "modloader\v_vegetation\files\vgs_palmvtall.dff"
Installing file "modloader\v_vegetation\files\vgsn_nitree_b01.dff"
Installing file "modloader\v_vegetation\files\vgsn_nitree_b02.dff"
Installing file "modloader\v_vegetation\files\vgsn_nitree_g01.dff"
Installing file "modloader\v_vegetation\files\vgsn_nitree_g02.dff"
Installing file "modloader\v_vegetation\files\vgsn_nitree_r01.dff"
Installing file "modloader\v_vegetation\files\vgsn_nitree_r02.dff"
Installing file "modloader\v_vegetation\files\vgsn_nitree_y01.dff"
Installing file "modloader\v_vegetation\files\vgsn_nitree_y02.dff"
Updating state for "modloader\effect loader\"...
Installing file "modloader\effect loader\effectloader.asi"
Updating state for "modloader\particle_sadx3\"...
Installing file "modloader\particle_sadx3\particle.txd"
Updating state for "modloader\bullet hole mod\"...
Installing file "modloader\bullet hole mod\bullethole.asi"
Installing file "modloader\bullet hole mod\d3d9.dll"
Installing file "modloader\bullet hole mod\léeme-readme.txt"
Updating state for "modloader\weaponrecoilauto\"...
Installing file "modloader\weaponrecoilauto\cleo\weaponrecoilauto.cs"
Updating state for "modloader\real ped overhaul\"...
Installing file "modloader\real ped overhaul\cleo\bag.cs"
Installing file "modloader\real ped overhaul\cleo\briefcase.cs"
Installing file "modloader\real ped overhaul\cleo\cane.cs"
Installing file "modloader\real ped overhaul\cleo\newspaper.cs"
Installing file "modloader\real ped overhaul\cleo\real_peds.cs"
Installing file "modloader\real ped overhaul\cleo\real_peds2.cs"
Installing file "modloader\real ped overhaul\cleo\shopping bag.cs"
Installing file "modloader\real ped overhaul\cleo\taxi.cs"
Installing file "modloader\real ped overhaul\data\maps\mans_with_objects.ide"
Installing file "modloader\real ped overhaul\loader.txt"
Installing file "modloader\real ped overhaul\models\bagtra1.dff"
Installing file "modloader\real ped overhaul\models\bagtra1.txd"
Installing file "modloader\real ped overhaul\models\bagtra2.dff"
Installing file "modloader\real ped overhaul\models\bagtra2.txd"
Installing file "modloader\real ped overhaul\models\breifcase.txd"
Installing file "modloader\real ped overhaul\models\briefcase.dff"
Installing file "modloader\real ped overhaul\models\chopcop_torso.dff"
Installing file "modloader\real ped overhaul\models\chopcopx.txd"
Installing file "modloader\real ped overhaul\models\gazeta.dff"
Installing file "modloader\real ped overhaul\models\gazeta.txd"
Installing file "modloader\real ped overhaul\models\guitar.ifp"
Installing file "modloader\real ped overhaul\models\gun_cane.dff"
Installing file "modloader\real ped overhaul\models\gun_cane.txd"
Installing file "modloader\real ped overhaul\models\mens_obj.ifp"
Installing file "modloader\real ped overhaul\models\metla.col"
Installing file "modloader\real ped overhaul\models\minewa.col"
Installing file "modloader\real ped overhaul\models\minewa.dff"
Installing file "modloader\real ped overhaul\models\minewa.txd"
Installing file "modloader\real ped overhaul\models\newspa.dff"
Installing file "modloader\real ped overhaul\models\newspa.txd"
Installing file "modloader\real ped overhaul\models\newspb.dff"
Installing file "modloader\real ped overhaul\models\newspb.txd"
Installing file "modloader\real ped overhaul\models\oldcane.dff"
Installing file "modloader\real ped overhaul\models\oldcane.txd"
Installing file "modloader\real ped overhaul\models\paket.dff"
Installing file "modloader\real ped overhaul\models\paket.txd"
Installing file "modloader\real ped overhaul\models\reads.ifp"
Installing file "modloader\real ped overhaul\models\shobag1.dff"
Installing file "modloader\real ped overhaul\models\shobag1.txd"
Installing file "modloader\real ped overhaul\models\shobag2.dff"
Installing file "modloader\real ped overhaul\models\shobag2.txd"
Installing file "modloader\real ped overhaul\models\trost.ifp"
Installing file "modloader\real ped overhaul\readme.txt"
Installing file "modloader\real ped overhaul\repairgta.sa.asi"
Updating state for "modloader\gta vehicle sounds\"...
Installing file "modloader\gta vehicle sounds\genrl\cars bikes sounds\bank_001\sound_001.wav"
Installing file "modloader\gta vehicle sounds\genrl\cars bikes sounds\bank_002\sound_001.wav"
Installing file "modloader\gta vehicle sounds\genrl\cars bikes sounds\bank_002\sound_002.wav"
Installing file "modloader\gta vehicle sounds\genrl\cars bikes sounds\bank_002\sound_003.wav"
Installing file "modloader\gta vehicle sounds\genrl\cars bikes sounds\bank_010\sound_001.wav"
Installing file "modloader\gta vehicle sounds\genrl\cars bikes sounds\bank_010\sound_002.wav"
Installing file "modloader\gta vehicle sounds\genrl\cars bikes sounds\bank_011\sound_001.wav"
Installing file "modloader\gta vehicle sounds\genrl\cars bikes sounds\bank_011\sound_002.wav"
Installing file "modloader\gta vehicle sounds\genrl\cars bikes sounds\bank_011\sound_003.wav"
Installing file "modloader\gta vehicle sounds\genrl\cars bikes sounds\bank_019\sound_001.wav"
Installing file "modloader\gta vehicle sounds\genrl\cars bikes sounds\bank_020\sound_001.wav"
Installing file "modloader\gta vehicle sounds\genrl\cars bikes sounds\bank_020\sound_002.wav"
Installing file "modloader\gta vehicle sounds\genrl\cars bikes sounds\bank_020\sound_003.wav"
Installing file "modloader\gta vehicle sounds\genrl\cars bikes sounds\bank_028\sound_001.wav"
Installing file "modloader\gta vehicle sounds\genrl\cars bikes sounds\bank_028\sound_002.wav"
Installing file "modloader\gta vehicle sounds\genrl\cars bikes sounds\bank_029\sound_001.wav"
Installing file "modloader\gta vehicle sounds\genrl\cars bikes sounds\bank_029\sound_002.wav"
Installing file "modloader\gta vehicle sounds\genrl\cars bikes sounds\bank_029\sound_003.wav"
Installing file "modloader\gta vehicle sounds\genrl\cars bikes sounds\bank_031\sound_001.wav"
Installing file "modloader\gta vehicle sounds\genrl\cars bikes sounds\bank_032\sound_001.wav"
Installing file "modloader\gta vehicle sounds\genrl\cars bikes sounds\bank_032\sound_002.wav"
Installing file "modloader\gta vehicle sounds\genrl\cars bikes sounds\bank_032\sound_003.wav"
Installing file "modloader\gta vehicle sounds\genrl\cars bikes sounds\bank_033\sound_003.wav"
Installing file "modloader\gta vehicle sounds\genrl\cars bikes sounds\bank_033\sound_005.wav"
Installing file "modloader\gta vehicle sounds\genrl\cars bikes sounds\bank_033\sound_006.wav"
Installing file "modloader\gta vehicle sounds\genrl\cars bikes sounds\bank_033\sound_007.wav"
Installing file "modloader\gta vehicle sounds\genrl\cars bikes sounds\bank_033\sound_008.wav"
Installing file "modloader\gta vehicle sounds\genrl\cars bikes sounds\bank_033\sound_009.wav"
Installing file "modloader\gta vehicle sounds\genrl\cars bikes sounds\bank_033\sound_010.wav"
Installing file "modloader\gta vehicle sounds\genrl\cars bikes sounds\bank_033\sound_011.wav"
Installing file "modloader\gta vehicle sounds\genrl\cars bikes sounds\bank_033\sound_013.wav"
Installing file "modloader\gta vehicle sounds\genrl\cars bikes sounds\bank_033\sound_014.wav"
Installing file "modloader\gta vehicle sounds\genrl\cars bikes sounds\bank_033\sound_015.wav"
Installing file "modloader\gta vehicle sounds\genrl\cars bikes sounds\bank_033\sound_016.wav"
Installing file "modloader\gta vehicle sounds\genrl\cars bikes sounds\bank_033\sound_017.wav"
Installing file "modloader\gta vehicle sounds\genrl\cars bikes sounds\bank_033\sound_018.wav"
Installing file "modloader\gta vehicle sounds\genrl\cars bikes sounds\bank_033\sound_019.wav"
Installing file "modloader\gta vehicle sounds\genrl\cars bikes sounds\bank_033\sound_020.wav"
Installing file "modloader\gta vehicle sounds\genrl\cars bikes sounds\bank_033\sound_027.wav"
Installing file "modloader\gta vehicle sounds\genrl\cars bikes sounds\bank_033\sound_030.wav"
Installing file "modloader\gta vehicle sounds\genrl\cars bikes sounds\bank_033\sound_031.wav"
Installing file "modloader\gta vehicle sounds\genrl\cars bikes sounds\bank_033\sound_032.wav"
Installing file "modloader\gta vehicle sounds\genrl\cars bikes sounds\bank_033\sound_033.wav"
Installing file "modloader\gta vehicle sounds\genrl\cars bikes sounds\bank_033\sound_034.wav"
Installing file "modloader\gta vehicle sounds\genrl\cars bikes sounds\bank_033\sound_035.wav"
Installing file "modloader\gta vehicle sounds\genrl\cars bikes sounds\bank_033\sound_036.wav"
Installing file "modloader\gta vehicle sounds\genrl\cars bikes sounds\bank_033\sound_038.wav"
Installing file "modloader\gta vehicle sounds\genrl\cars bikes sounds\bank_033\sound_039.wav"
Installing file "modloader\gta vehicle sounds\genrl\cars bikes sounds\bank_033\sound_040.wav"
Installing file "modloader\gta vehicle sounds\genrl\cars bikes sounds\bank_033\sound_041.wav"
Installing file "modloader\gta vehicle sounds\genrl\cars bikes sounds\bank_033\sound_042.wav"
Installing file "modloader\gta vehicle sounds\genrl\cars bikes sounds\bank_033\sound_043.wav"
Installing file "modloader\gta vehicle sounds\genrl\cars bikes sounds\bank_033\sound_044.wav"
Installing file "modloader\gta vehicle sounds\genrl\cars bikes sounds\bank_033\sound_045.wav"
Installing file "modloader\gta vehicle sounds\genrl\cars bikes sounds\bank_033\sound_046.wav"
Installing file "modloader\gta vehicle sounds\genrl\cars bikes sounds\bank_033\sound_047.wav"
Installing file "modloader\gta vehicle sounds\genrl\cars bikes sounds\bank_033\sound_051.wav"
Installing file "modloader\gta vehicle sounds\genrl\cars bikes sounds\bank_033\sound_052.wav"
Installing file "modloader\gta vehicle sounds\genrl\cars bikes sounds\bank_033\sound_053.wav"
Installing file "modloader\gta vehicle sounds\genrl\cars bikes sounds\bank_033\sound_055.wav"
Installing file "modloader\gta vehicle sounds\genrl\cars bikes sounds\bank_033\sound_056.wav"
Installing file "modloader\gta vehicle sounds\genrl\cars bikes sounds\bank_033\sound_058.wav"
Installing file "modloader\gta vehicle sounds\genrl\cars bikes sounds\bank_033\sound_059.wav"
Installing file "modloader\gta vehicle sounds\genrl\cars bikes sounds\bank_033\sound_060.wav"
Installing file "modloader\gta vehicle sounds\genrl\cars bikes sounds\bank_033\sound_061.wav"
Installing file "modloader\gta vehicle sounds\genrl\cars bikes sounds\bank_033\sound_062.wav"
Installing file "modloader\gta vehicle sounds\genrl\cars bikes sounds\bank_033\sound_063.wav"
Installing file "modloader\gta vehicle sounds\genrl\cars bikes sounds\bank_033\sound_064.wav"
Installing file "modloader\gta vehicle sounds\genrl\cars bikes sounds\bank_033\sound_066.wav"
Installing file "modloader\gta vehicle sounds\genrl\cars bikes sounds\bank_033\sound_067.wav"
Installing file "modloader\gta vehicle sounds\genrl\cars bikes sounds\bank_033\sound_068.wav"
Installing file "modloader\gta vehicle sounds\genrl\cars bikes sounds\bank_033\sound_069.wav"
Installing file "modloader\gta vehicle sounds\genrl\cars bikes sounds\bank_033\sound_070.wav"
Installing file "modloader\gta vehicle sounds\genrl\cars bikes sounds\bank_033\sound_071.wav"
Installing file "modloader\gta vehicle sounds\genrl\cars bikes sounds\bank_033\sound_072.wav"
Installing file "modloader\gta vehicle sounds\genrl\cars bikes sounds\bank_034\sound_001.wav"
Installing file "modloader\gta vehicle sounds\genrl\cars bikes sounds\bank_035\sound_001.wav"
Installing file "modloader\gta vehicle sounds\genrl\cars bikes sounds\bank_035\sound_002.wav"
Installing file "modloader\gta vehicle sounds\genrl\cars bikes sounds\bank_035\sound_003.wav"
Installing file "modloader\gta vehicle sounds\genrl\cars bikes sounds\bank_039\sound_001.wav"
Installing file "modloader\gta vehicle sounds\genrl\cars bikes sounds\bank_039\sound_002.wav"
Installing file "modloader\gta vehicle sounds\genrl\cars bikes sounds\bank_040\sound_001.wav"
Installing file "modloader\gta vehicle sounds\genrl\cars bikes sounds\bank_040\sound_002.wav"
Installing file "modloader\gta vehicle sounds\genrl\cars bikes sounds\bank_040\sound_003.wav"
Installing file "modloader\gta vehicle sounds\genrl\cars bikes sounds\bank_068\sound_011.wav"
Installing file "modloader\gta vehicle sounds\genrl\cars bikes sounds\bank_068\sound_012.wav"
Installing file "modloader\gta vehicle sounds\genrl\cars bikes sounds\bank_073\sound_001.wav"
Installing file "modloader\gta vehicle sounds\genrl\cars bikes sounds\bank_073\sound_002.wav"
Installing file "modloader\gta vehicle sounds\genrl\cars bikes sounds\bank_073\sound_003.wav"
Installing file "modloader\gta vehicle sounds\genrl\cars bikes sounds\bank_080\sound_001.wav"
Installing file "modloader\gta vehicle sounds\genrl\cars bikes sounds\bank_081\sound_001.wav"
Installing file "modloader\gta vehicle sounds\genrl\cars bikes sounds\bank_081\sound_002.wav"
Installing file "modloader\gta vehicle sounds\genrl\cars bikes sounds\bank_081\sound_003.wav"
Installing file "modloader\gta vehicle sounds\genrl\cars bikes sounds\bank_086\sound_001.wav"
Installing file "modloader\gta vehicle sounds\genrl\cars bikes sounds\bank_087\sound_001.wav"
Installing file "modloader\gta vehicle sounds\genrl\cars bikes sounds\bank_087\sound_002.wav"
Installing file "modloader\gta vehicle sounds\genrl\cars bikes sounds\bank_087\sound_003.wav"
Installing file "modloader\gta vehicle sounds\genrl\cars bikes sounds\bank_088\sound_001.wav"
Installing file "modloader\gta vehicle sounds\genrl\cars bikes sounds\bank_089\sound_001.wav"
Installing file "modloader\gta vehicle sounds\genrl\cars bikes sounds\bank_089\sound_002.wav"
Installing file "modloader\gta vehicle sounds\genrl\cars bikes sounds\bank_089\sound_003.wav"
Installing file "modloader\gta vehicle sounds\genrl\cars bikes sounds\bank_092\sound_001.wav"
Installing file "modloader\gta vehicle sounds\genrl\cars bikes sounds\bank_093\sound_001.wav"
Installing file "modloader\gta vehicle sounds\genrl\cars bikes sounds\bank_093\sound_002.wav"
Installing file "modloader\gta vehicle sounds\genrl\cars bikes sounds\bank_093\sound_003.wav"
Installing file "modloader\gta vehicle sounds\genrl\cars bikes sounds\bank_094\sound_001.wav"
Installing file "modloader\gta vehicle sounds\genrl\cars bikes sounds\bank_095\sound_001.wav"
Installing file "modloader\gta vehicle sounds\genrl\cars bikes sounds\bank_095\sound_002.wav"
Installing file "modloader\gta vehicle sounds\genrl\cars bikes sounds\bank_095\sound_003.wav"
Installing file "modloader\gta vehicle sounds\genrl\cars bikes sounds\bank_096\sound_001.wav"
Installing file "modloader\gta vehicle sounds\genrl\cars bikes sounds\bank_096\sound_002.wav"
Installing file "modloader\gta vehicle sounds\genrl\cars bikes sounds\bank_097\sound_001.wav"
Installing file "modloader\gta vehicle sounds\genrl\cars bikes sounds\bank_097\sound_002.wav"
Installing file "modloader\gta vehicle sounds\genrl\cars bikes sounds\bank_097\sound_003.wav"
Installing file "modloader\gta vehicle sounds\genrl\cars bikes sounds\bank_108\sound_001.wav"
Installing file "modloader\gta vehicle sounds\genrl\cars bikes sounds\bank_109\sound_001.wav"
Installing file "modloader\gta vehicle sounds\genrl\cars bikes sounds\bank_109\sound_002.wav"
Installing file "modloader\gta vehicle sounds\genrl\cars bikes sounds\bank_109\sound_003.wav"
Installing file "modloader\gta vehicle sounds\genrl\cars bikes sounds\bank_112\sound_001.wav"
Installing file "modloader\gta vehicle sounds\genrl\cars bikes sounds\bank_112\sound_002.wav"
Installing file "modloader\gta vehicle sounds\genrl\cars bikes sounds\bank_113\sound_001.wav"
Installing file "modloader\gta vehicle sounds\genrl\cars bikes sounds\bank_113\sound_002.wav"
Installing file "modloader\gta vehicle sounds\genrl\cars bikes sounds\bank_113\sound_003.wav"
Installing file "modloader\gta vehicle sounds\genrl\cars bikes sounds\bank_130\sound_001.wav"
Installing file "modloader\gta vehicle sounds\genrl\cars bikes sounds\bank_131\sound_001.wav"
Installing file "modloader\gta vehicle sounds\genrl\cars bikes sounds\bank_131\sound_002.wav"
Installing file "modloader\gta vehicle sounds\genrl\cars bikes sounds\bank_131\sound_003.wav"
Installing file "modloader\gta vehicle sounds\genrl\cars bikes sounds\bank_132\sound_001.wav"
Installing file "modloader\gta vehicle sounds\genrl\cars bikes sounds\bank_132\sound_002.wav"
Installing file "modloader\gta vehicle sounds\genrl\cars bikes sounds\bank_132\sound_003.wav"
Installing file "modloader\gta vehicle sounds\genrl\cars bikes sounds\bank_132\sound_004.wav"
Installing file "modloader\gta vehicle sounds\genrl\cars bikes sounds\bank_132\sound_005.wav"
Installing file "modloader\gta vehicle sounds\genrl\cars bikes sounds\bank_132\sound_006.wav"
Installing file "modloader\gta vehicle sounds\genrl\cars bikes sounds\bank_132\sound_007.wav"
Installing file "modloader\gta vehicle sounds\genrl\cars bikes sounds\bank_132\sound_008.wav"
Installing file "modloader\gta vehicle sounds\genrl\cars bikes sounds\bank_132\sound_013.wav"
Installing file "modloader\gta vehicle sounds\genrl\cars bikes sounds\bank_132\sound_014.wav"
Installing file "modloader\gta vehicle sounds\genrl\cars bikes sounds\bank_132\sound_015.wav"
Installing file "modloader\gta vehicle sounds\genrl\cars bikes sounds\bank_132\sound_016.wav"
Installing file "modloader\gta vehicle sounds\genrl\cars bikes sounds\bank_132\sound_017.wav"
Installing file "modloader\gta vehicle sounds\genrl\cars bikes sounds\bank_132\sound_018.wav"
Installing file "modloader\gta vehicle sounds\genrl\cars bikes sounds\bank_132\sound_019.wav"
Installing file "modloader\gta vehicle sounds\genrl\cars bikes sounds\bank_132\sound_021.wav"
Installing file "modloader\gta vehicle sounds\genrl\cars bikes sounds\bank_132\sound_022.wav"
Installing file "modloader\gta vehicle sounds\genrl\cars bikes sounds\bank_132\sound_023.wav"
Installing file "modloader\gta vehicle sounds\genrl\cars bikes sounds\bank_132\sound_024.wav"
Installing file "modloader\gta vehicle sounds\genrl\cars bikes sounds\bank_132\sound_025.wav"
Installing file "modloader\gta vehicle sounds\genrl\cars bikes sounds\bank_132\sound_026.wav"
Installing file "modloader\gta vehicle sounds\genrl\cars bikes sounds\bank_132\sound_028.wav"
Installing file "modloader\gta vehicle sounds\genrl\cars bikes sounds\bank_132\sound_029.wav"
Installing file "modloader\gta vehicle sounds\genrl\cars bikes sounds\bank_132\sound_030.wav"
Installing file "modloader\gta vehicle sounds\genrl\cars bikes sounds\bank_132\sound_031.wav"
Installing file "modloader\gta vehicle sounds\genrl\cars bikes sounds\bank_132\sound_032.wav"
Installing file "modloader\gta vehicle sounds\genrl\cars bikes sounds\bank_132\sound_033.wav"
Installing file "modloader\gta vehicle sounds\genrl\cars bikes sounds\bank_132\sound_034.wav"
Installing file "modloader\gta vehicle sounds\genrl\cars bikes sounds\bank_132\sound_035.wav"
Installing file "modloader\gta vehicle sounds\genrl\cars bikes sounds\bank_132\sound_036.wav"
Installing file "modloader\gta vehicle sounds\genrl\cars bikes sounds\bank_132\sound_037.wav"
Installing file "modloader\gta vehicle sounds\genrl\cars bikes sounds\bank_132\sound_038.wav"
Installing file "modloader\gta vehicle sounds\genrl\cars bikes sounds\bank_132\sound_039.wav"
Installing file "modloader\gta vehicle sounds\genrl\cars bikes sounds\bank_132\sound_040.wav"
Installing file "modloader\gta vehicle sounds\genrl\cars bikes sounds\bank_132\sound_041.wav"
Installing file "modloader\gta vehicle sounds\genrl\cars bikes sounds\bank_132\sound_042.wav"
Installing file "modloader\gta vehicle sounds\genrl\cars bikes sounds\bank_132\sound_043.wav"
Installing file "modloader\gta vehicle sounds\genrl\cars bikes sounds\bank_132\sound_044.wav"
Installing file "modloader\gta vehicle sounds\genrl\cars bikes sounds\bank_132\sound_045.wav"
Installing file "modloader\gta vehicle sounds\genrl\cars bikes sounds\bank_134\sound_001.wav"
Installing file "modloader\gta vehicle sounds\genrl\cars bikes sounds\bank_134\sound_002.wav"
Installing file "modloader\gta vehicle sounds\genrl\cars bikes sounds\bank_134\sound_003.wav"
Installing file "modloader\gta vehicle sounds\genrl\cars bikes sounds\bank_135\sound_001.wav"
Installing file "modloader\gta vehicle sounds\genrl\cars bikes sounds\bank_136\sound_001.wav"
Installing file "modloader\gta vehicle sounds\genrl\cars bikes sounds\bank_136\sound_002.wav"
Installing file "modloader\gta vehicle sounds\genrl\cars bikes sounds\bank_136\sound_003.wav"
Installing file "modloader\gta vehicle sounds\genrl\hellicopter sounds\bank_006\sound_001.wav"
Installing file "modloader\gta vehicle sounds\genrl\hellicopter sounds\bank_006\sound_002.wav"
Installing file "modloader\gta vehicle sounds\genrl\hellicopter sounds\bank_006\sound_003.wav"
Installing file "modloader\gta vehicle sounds\genrl\hellicopter sounds\bank_006\sound_004.wav"
Installing file "modloader\gta vehicle sounds\genrl\hellicopter sounds\bank_079\sound_001.wav"
Installing file "modloader\gta vehicle sounds\genrl\hellicopter sounds\bank_079\sound_002.wav"
Installing file "modloader\gta vehicle sounds\genrl\hellicopter sounds\bank_079\sound_003.wav"
Installing file "modloader\gta vehicle sounds\genrl\hellicopter sounds\bank_079\sound_004.wav"
Updating state for "modloader\proper player retex 3.0\"...
Installing file "modloader\proper player retex 3.0\1-do not put in modpacks.txt"
Installing file "modloader\proper player retex 3.0\leiame (ou morra).txt"
Installing file "modloader\proper player retex 3.0\models\models\txd\ld_tatt.txd"
Installing file "modloader\proper player retex 3.0\models\player.img"
Installing file "modloader\proper player retex 3.0\readme (or die).txt"
Updating state for "modloader\dynamic weapon draw sounds\"...
Installing file "modloader\dynamic weapon draw sounds\cleo\dynamic weapon draw sound.cs"
Updating state for "modloader\rosa project evolved - cutscene\"...
Installing file "modloader\rosa project evolved - cutscene\files\cutscene_loader.txt"
Installing file "modloader\rosa project evolved - cutscene\files\models\cutscene.img"
Installing file "modloader\rosa project evolved - cutscene\files\models\proper_cutscene_retex.img"
Installing file "modloader\rosa project evolved - cutscene\files\models\rosa-dff\cutscene\cs9mm.dff"
Installing file "modloader\rosa project evolved - cutscene\files\models\rosa-dff\cutscene\csbat.dff"
Installing file "modloader\rosa project evolved - cutscene\files\models\rosa-dff\cutscene\csburgerbox.dff"
Installing file "modloader\rosa project evolved - cutscene\files\models\rosa-dff\cutscene\cscamera.dff"
Installing file "modloader\rosa project evolved - cutscene\files\models\rosa-dff\cutscene\cscolt45.dff"
Installing file "modloader\rosa project evolved - cutscene\files\models\rosa-dff\cutscene\csdeserteagle.dff"
Installing file "modloader\rosa project evolved - cutscene\files\models\rosa-dff\cutscene\csjetpack.dff"
Installing file "modloader\rosa project evolved - cutscene\files\models\rosa-dff\cutscene\cspaperbag.dff"
Installing file "modloader\rosa project evolved - cutscene\files\models\rosa-dff\cutscene\cssilenced.dff"
Updating state for "modloader\rosa project evolved - interior\"...
Installing file "modloader\rosa project evolved - interior\files\interior_loader.txt"
Installing file "modloader\rosa project evolved - interior\files\models\gta_int.img"
Installing file "modloader\rosa project evolved - interior\files\models\proper_interior_retex.img"
Installing file "modloader\rosa project evolved - interior\files\models\rosa-dff\gtaint\carter_statue.dff"
Updating state for "modloader\rosa project evolved -  exterior\"...
Installing file "modloader\rosa project evolved -  exterior\files\data\weapon.dat"
Installing file "modloader\rosa project evolved -  exterior\files\models\generic\vehicle.txd"
Installing file "modloader\rosa project evolved -  exterior\files\models\gta3.img"
Installing file "modloader\rosa project evolved -  exterior\files\models\rosa_evolved_a.img"
Installing file "modloader\rosa project evolved -  exterior\files\models\rosa_evolved_b.img"
Installing file "modloader\rosa project evolved -  exterior\files\models\rosa_evolved_c.img"
Installing file "modloader\rosa project evolved -  exterior\files\models\rosa_evolved_d.img"
Installing file "modloader\rosa project evolved -  exterior\files\rosa-dff\gta3\adrenaline.dff"
Installing file "modloader\rosa project evolved -  exterior\files\rosa-dff\gta3\ak47.dff"
Installing file "modloader\rosa project evolved -  exterior\files\rosa-dff\gta3\armour.dff"
Installing file "modloader\rosa project evolved -  exterior\files\rosa-dff\gta3\bat.dff"
Installing file "modloader\rosa project evolved -  exterior\files\rosa-dff\gta3\bigdollar.dff"
Installing file "modloader\rosa project evolved -  exterior\files\rosa-dff\gta3\bodyarmour.dff"
Installing file "modloader\rosa project evolved -  exterior\files\rosa-dff\gta3\bomb.dff"
Installing file "modloader\rosa project evolved -  exterior\files\rosa-dff\gta3\brassknuckle.dff"
Installing file "modloader\rosa project evolved -  exterior\files\rosa-dff\gta3\bribe.dff"
Installing file "modloader\rosa project evolved -  exterior\files\rosa-dff\gta3\camera.dff"
Installing file "modloader\rosa project evolved -  exterior\files\rosa-dff\gta3\cellphone.dff"
Installing file "modloader\rosa project evolved -  exterior\files\rosa-dff\gta3\chnsaw.dff"
Installing file "modloader\rosa project evolved -  exterior\files\rosa-dff\gta3\chromegun.dff"
Installing file "modloader\rosa project evolved -  exterior\files\rosa-dff\gta3\colt45.dff"
Installing file "modloader\rosa project evolved -  exterior\files\rosa-dff\gta3\cuntgun.dff"
Installing file "modloader\rosa project evolved -  exterior\files\rosa-dff\gta3\desert_eagle.dff"
Installing file "modloader\rosa project evolved -  exterior\files\rosa-dff\gta3\diamond_3.dff"
Installing file "modloader\rosa project evolved -  exterior\files\rosa-dff\gta3\fire_ex.dff"
Installing file "modloader\rosa project evolved -  exterior\files\rosa-dff\gta3\flame.dff"
Installing file "modloader\rosa project evolved -  exterior\files\rosa-dff\gta3\flare.dff"
Installing file "modloader\rosa project evolved -  exterior\files\rosa-dff\gta3\flowera.dff"
Installing file "modloader\rosa project evolved -  exterior\files\rosa-dff\gta3\flowerb.dff"
Installing file "modloader\rosa project evolved -  exterior\files\rosa-dff\gta3\golfclub.dff"
Installing file "modloader\rosa project evolved -  exterior\files\rosa-dff\gta3\grenade.dff"
Installing file "modloader\rosa project evolved -  exterior\files\rosa-dff\gta3\gun_boxbig.dff"
Installing file "modloader\rosa project evolved -  exterior\files\rosa-dff\gta3\gun_boxwee.dff"
Installing file "modloader\rosa project evolved -  exterior\files\rosa-dff\gta3\gun_cane.dff"
Uninstalling file "modloader\real ped overhaul\models\gun_cane.dff"
Installing file "modloader\rosa project evolved -  exterior\files\rosa-dff\gta3\gun_dildo1.dff"
Installing file "modloader\rosa project evolved -  exterior\files\rosa-dff\gta3\gun_dildo2.dff"
Installing file "modloader\rosa project evolved -  exterior\files\rosa-dff\gta3\gun_para.dff"
Installing file "modloader\rosa project evolved -  exterior\files\rosa-dff\gta3\gun_vibe1.dff"
Installing file "modloader\rosa project evolved -  exterior\files\rosa-dff\gta3\gun_vibe2.dff"
Installing file "modloader\rosa project evolved -  exterior\files\rosa-dff\gta3\health.dff"
Installing file "modloader\rosa project evolved -  exterior\files\rosa-dff\gta3\heatseek.dff"
Installing file "modloader\rosa project evolved -  exterior\files\rosa-dff\gta3\hern.dff"
Installing file "modloader\rosa project evolved -  exterior\files\rosa-dff\gta3\irgoggles.dff"
Installing file "modloader\rosa project evolved -  exterior\files\rosa-dff\gta3\jetpack.dff"
Installing file "modloader\rosa project evolved -  exterior\files\rosa-dff\gta3\katana.dff"
Installing file "modloader\rosa project evolved -  exterior\files\rosa-dff\gta3\kendl.dff"
Installing file "modloader\rosa project evolved -  exterior\files\rosa-dff\gta3\kmb_parachute.dff"
Installing file "modloader\rosa project evolved -  exterior\files\rosa-dff\gta3\knifecur.dff"
Installing file "modloader\rosa project evolved -  exterior\files\rosa-dff\gta3\m4.dff"
Installing file "modloader\rosa project evolved -  exterior\files\rosa-dff\gta3\micro_uzi.dff"
Installing file "modloader\rosa project evolved -  exterior\files\rosa-dff\gta3\minigun.dff"
Installing file "modloader\rosa project evolved -  exterior\files\rosa-dff\gta3\minigun2.dff"
Installing file "modloader\rosa project evolved -  exterior\files\rosa-dff\gta3\missile.dff"
Installing file "modloader\rosa project evolved -  exterior\files\rosa-dff\gta3\molotov.dff"
Installing file "modloader\rosa project evolved -  exterior\files\rosa-dff\gta3\money.dff"
Installing file "modloader\rosa project evolved -  exterior\files\rosa-dff\gta3\mp5lng.dff"
Installing file "modloader\rosa project evolved -  exterior\files\rosa-dff\gta3\nitestick.dff"
Installing file "modloader\rosa project evolved -  exterior\files\rosa-dff\gta3\nvgoggles.dff"
Installing file "modloader\rosa project evolved -  exterior\files\rosa-dff\gta3\pickupsave.dff"
Installing file "modloader\rosa project evolved -  exterior\files\rosa-dff\gta3\poolcue.dff"
Installing file "modloader\rosa project evolved -  exterior\files\rosa-dff\gta3\pulaski.dff"
Installing file "modloader\rosa project evolved -  exterior\files\rosa-dff\gta3\rocketla.dff"
Installing file "modloader\rosa project evolved -  exterior\files\rosa-dff\gta3\ryder2.dff"
Installing file "modloader\rosa project evolved -  exterior\files\rosa-dff\gta3\ryder3.dff"
Installing file "modloader\rosa project evolved -  exterior\files\rosa-dff\gta3\satchel.dff"
Installing file "modloader\rosa project evolved -  exterior\files\rosa-dff\gta3\sawnoff.dff"
Installing file "modloader\rosa project evolved -  exterior\files\rosa-dff\gta3\shotgspa.dff"
Installing file "modloader\rosa project evolved -  exterior\files\rosa-dff\gta3\shovel.dff"
Installing file "modloader\rosa project evolved -  exterior\files\rosa-dff\gta3\silenced.dff"
Installing file "modloader\rosa project evolved -  exterior\files\rosa-dff\gta3\skateboard.dff"
Installing file "modloader\rosa project evolved -  exterior\files\rosa-dff\gta3\sniper.dff"
Installing file "modloader\rosa project evolved -  exterior\files\rosa-dff\gta3\spraycan.dff"
Installing file "modloader\rosa project evolved -  exterior\files\rosa-dff\gta3\stalks.dff"
Installing file "modloader\rosa project evolved -  exterior\files\rosa-dff\gta3\sweet.dff"
Installing file "modloader\rosa project evolved -  exterior\files\rosa-dff\gta3\teargas.dff"
Installing file "modloader\rosa project evolved -  exterior\files\rosa-dff\gta3\tec9.dff"
Installing file "modloader\rosa project evolved -  exterior\files\rosa-dff\gta3\tenpen.dff"
Installing file "modloader\rosa project evolved -  exterior\files\rosa-dff\gta3\truth.dff"
Installing file "modloader\rosa project evolved -  exterior\files\scripts\imglimitadjuster.asi"
Installing file "modloader\rosa project evolved -  exterior\files\txdp.ide"
Installing file "modloader\rosa project evolved -  exterior\files\world_loader.txt"
Updating state for "modloader\country lightning fix by inari lú\"...
Installing file "modloader\country lightning fix by inari lú\brownwater.dff"
Installing file "modloader\country lightning fix by inari lú\bwidgecuntw.dff"
Installing file "modloader\country lightning fix by inari lú\cehollyhil16a.dff"
Installing file "modloader\country lightning fix by inari lú\cehollyhil17a.dff"
Installing file "modloader\country lightning fix by inari lú\concretearch1.dff"
Installing file "modloader\country lightning fix by inari lú\cs_landbit_25_a.dff"
Installing file "modloader\country lightning fix by inari lú\cs_landbit_33_a.dff"
Installing file "modloader\country lightning fix by inari lú\cs_landbit_44_a.dff"
Installing file "modloader\country lightning fix by inari lú\cunt_rocgxp2_04.dff"
Installing file "modloader\country lightning fix by inari lú\cunt_rockgp1_.dff"
Installing file "modloader\country lightning fix by inari lú\cunt_rockgp1_03.dff"
Installing file "modloader\country lightning fix by inari lú\cunt_rockgp2_.dff"
Installing file "modloader\country lightning fix by inari lú\cunt_rockgp2_04.dff"
Installing file "modloader\country lightning fix by inari lú\cunt_rockgp2_09.dff"
Installing file "modloader\country lightning fix by inari lú\cunt_rockgp2_11.dff"
Installing file "modloader\country lightning fix by inari lú\cunt_rockgp2_13.dff"
Installing file "modloader\country lightning fix by inari lú\cunt_rockgp2_14.dff"
Installing file "modloader\country lightning fix by inari lú\cunt_rockgp2_16.dff"
Installing file "modloader\country lightning fix by inari lú\cunt_rockgp2_17.dff"
Installing file "modloader\country lightning fix by inari lú\cunt_rockgp2_24.dff"
Installing file "modloader\country lightning fix by inari lú\cunt_rockgp2_25.dff"
Installing file "modloader\country lightning fix by inari lú\cunt_rockgp2_26.dff"
Installing file "modloader\country lightning fix by inari lú\cunt_rockgp2_27.dff"
Installing file "modloader\country lightning fix by inari lú\cuntfrates02.dff"
Installing file "modloader\country lightning fix by inari lú\cuntfrates1.dff"
Installing file "modloader\country lightning fix by inari lú\cuntgrsilos.dff"
Installing file "modloader\country lightning fix by inari lú\cuntplant05.dff"
Installing file "modloader\country lightning fix by inari lú\cuntplant06.dff"
Installing file "modloader\country lightning fix by inari lú\cuntwland01b.dff"
Installing file "modloader\country lightning fix by inari lú\cuntwland02b.dff"
Installing file "modloader\country lightning fix by inari lú\cuntwland02c.dff"
Installing file "modloader\country lightning fix by inari lú\cuntwland03b.dff"
Installing file "modloader\country lightning fix by inari lú\cuntwland04b.dff"
Installing file "modloader\country lightning fix by inari lú\cuntwland05b.dff"
Installing file "modloader\country lightning fix by inari lú\cuntwland06b.dff"
Installing file "modloader\country lightning fix by inari lú\cuntwland07b.dff"
Installing file "modloader\country lightning fix by inari lú\cuntwland08b.dff"
Installing file "modloader\country lightning fix by inari lú\cuntwland09b.dff"
Installing file "modloader\country lightning fix by inari lú\cuntwland10bb.dff"
Installing file "modloader\country lightning fix by inari lú\cuntwland11b.dff"
Installing file "modloader\country lightning fix by inari lú\cuntwland12b.dff"
Installing file "modloader\country lightning fix by inari lú\cuntwland13b.dff"
Installing file "modloader\country lightning fix by inari lú\cuntwland15b.dff"
Installing file "modloader\country lightning fix by inari lú\cuntwland16b.dff"
Installing file "modloader\country lightning fix by inari lú\cuntwland17_de.dff"
Installing file "modloader\country lightning fix by inari lú\cuntwland19b.dff"
Installing file "modloader\country lightning fix by inari lú\cuntwland20b.dff"
Installing file "modloader\country lightning fix by inari lú\cuntwland21b.dff"
Installing file "modloader\country lightning fix by inari lú\cuntwland22b.dff"
Installing file "modloader\country lightning fix by inari lú\cuntwland23b.dff"
Installing file "modloader\country lightning fix by inari lú\cuntwland24b.dff"
Installing file "modloader\country lightning fix by inari lú\cuntwland25b.dff"
Installing file "modloader\country lightning fix by inari lú\cuntwland26b.dff"
Installing file "modloader\country lightning fix by inari lú\cuntwland29b.dff"
Installing file "modloader\country lightning fix by inari lú\cuntwland31b.dff"
Installing file "modloader\country lightning fix by inari lú\cuntwland32b.dff"
Installing file "modloader\country lightning fix by inari lú\cuntwland33b.dff"
Installing file "modloader\country lightning fix by inari lú\cuntwland34b.dff"
Installing file "modloader\country lightning fix by inari lú\cuntwland35b.dff"
Installing file "modloader\country lightning fix by inari lú\cuntwland36b.dff"
Installing file "modloader\country lightning fix by inari lú\cuntwland37b.dff"
Installing file "modloader\country lightning fix by inari lú\cuntwland38b.dff"
Installing file "modloader\country lightning fix by inari lú\cuntwland39b.dff"
Installing file "modloader\country lightning fix by inari lú\cuntwland40b.dff"
Installing file "modloader\country lightning fix by inari lú\cuntwland40c.dff"
Installing file "modloader\country lightning fix by inari lú\cuntwland42b.dff"
Installing file "modloader\country lightning fix by inari lú\cuntwland45b.dff"
Installing file "modloader\country lightning fix by inari lú\cuntwland46b.dff"
Installing file "modloader\country lightning fix by inari lú\cuntwland47b.dff"
Installing file "modloader\country lightning fix by inari lú\cuntwland48b.dff"
Installing file "modloader\country lightning fix by inari lú\cuntwland49b.dff"
Installing file "modloader\country lightning fix by inari lú\cuntwland50b.dff"
Installing file "modloader\country lightning fix by inari lú\cuntwland51b.dff"
Installing file "modloader\country lightning fix by inari lú\cuntwland52b.dff"
Installing file "modloader\country lightning fix by inari lú\cuntwland53bd.dff"
Installing file "modloader\country lightning fix by inari lú\cuntwland54b.dff"
Installing file "modloader\country lightning fix by inari lú\cuntwland55b.dff"
Installing file "modloader\country lightning fix by inari lú\cuntwland56bx.dff"
Installing file "modloader\country lightning fix by inari lú\cuntwland58b.dff"
Installing file "modloader\country lightning fix by inari lú\cuntwland59b.dff"
Installing file "modloader\country lightning fix by inari lú\cuntwland60b.dff"
Installing file "modloader\country lightning fix by inari lú\cuntwland62b.dff"
Installing file "modloader\country lightning fix by inari lú\cuntwland63b.dff"
Installing file "modloader\country lightning fix by inari lú\cuntwland64b.dff"
Installing file "modloader\country lightning fix by inari lú\cuntwland65b.dff"
Installing file "modloader\country lightning fix by inari lú\cuntwland66b.dff"
Installing file "modloader\country lightning fix by inari lú\cuntwland67b.dff"
Installing file "modloader\country lightning fix by inari lú\cuntwland68b.dff"
Installing file "modloader\country lightning fix by inari lú\cuntwland69b.dff"
Installing file "modloader\country lightning fix by inari lú\cuntwland70b.dff"
Installing file "modloader\country lightning fix by inari lú\cuntwland71b.dff"
Installing file "modloader\country lightning fix by inari lú\cuntwland72b.dff"
Installing file "modloader\country lightning fix by inari lú\cuntwland73b.dff"
Installing file "modloader\country lightning fix by inari lú\cuntwland74b.dff"
Installing file "modloader\country lightning fix by inari lú\cuntwland75b.dff"
Installing file "modloader\country lightning fix by inari lú\cuntwland76b.dff"
Installing file "modloader\country lightning fix by inari lú\cuntwland77b.dff"
Installing file "modloader\country lightning fix by inari lú\cuntwland78b.dff"
Installing file "modloader\country lightning fix by inari lú\cuntwland79b.dff"
Installing file "modloader\country lightning fix by inari lú\cuntwland80b.dff"
Installing file "modloader\country lightning fix by inari lú\cuntwland_de.dff"
Installing file "modloader\country lightning fix by inari lú\cuntwplant01.dff"
Installing file "modloader\country lightning fix by inari lú\cuntwplant07.dff"
Installing file "modloader\country lightning fix by inari lú\cuntwplant10.dff"
Installing file "modloader\country lightning fix by inari lú\cuntwplant11.dff"
Installing file "modloader\country lightning fix by inari lú\cuntwplant12.dff"
Installing file "modloader\country lightning fix by inari lú\cuntwrail01.dff"
Installing file "modloader\country lightning fix by inari lú\cuntwrail02.dff"
Installing file "modloader\country lightning fix by inari lú\cuntwrail03.dff"
Installing file "modloader\country lightning fix by inari lú\cuntwrail04.dff"
Installing file "modloader\country lightning fix by inari lú\cuntwrail04c.dff"
Installing file "modloader\country lightning fix by inari lú\cuntwrail04v.dff"
Installing file "modloader\country lightning fix by inari lú\cuntwroad01.dff"
Installing file "modloader\country lightning fix by inari lú\cuntwroad02.dff"
Installing file "modloader\country lightning fix by inari lú\cuntwroad03.dff"
Installing file "modloader\country lightning fix by inari lú\cuntwroad04.dff"
Installing file "modloader\country lightning fix by inari lú\cuntwroad05.dff"
Installing file "modloader\country lightning fix by inari lú\cuntwroad06.dff"
Installing file "modloader\country lightning fix by inari lú\cuntwroad07.dff"
Installing file "modloader\country lightning fix by inari lú\cuntwroad08.dff"
Installing file "modloader\country lightning fix by inari lú\cuntwroad09.dff"
Installing file "modloader\country lightning fix by inari lú\cuntwroad10.dff"
Installing file "modloader\country lightning fix by inari lú\cuntwroad11.dff"
Installing file "modloader\country lightning fix by inari lú\cuntwroad12.dff"
Installing file "modloader\country lightning fix by inari lú\cuntwroad13.dff"
Installing file "modloader\country lightning fix by inari lú\cuntwroad14.dff"
Installing file "modloader\country lightning fix by inari lú\cuntwroad15.dff"
Installing file "modloader\country lightning fix by inari lú\cuntwroad16.dff"
Installing file "modloader\country lightning fix by inari lú\cuntwroad17.dff"
Installing file "modloader\country lightning fix by inari lú\cuntwroad18.dff"
Installing file "modloader\country lightning fix by inari lú\cuntwroad19.dff"
Installing file "modloader\country lightning fix by inari lú\cuntwroad20.dff"
Installing file "modloader\country lightning fix by inari lú\cuntwroad21.dff"
Installing file "modloader\country lightning fix by inari lú\cuntwroad22.dff"
Installing file "modloader\country lightning fix by inari lú\cuntwroad23.dff"
Installing file "modloader\country lightning fix by inari lú\cuntwroad24.dff"
Installing file "modloader\country lightning fix by inari lú\cuntwroad25.dff"
Installing file "modloader\country lightning fix by inari lú\cuntwroad26.dff"
Installing file "modloader\country lightning fix by inari lú\cuntwroad27.dff"
Installing file "modloader\country lightning fix by inari lú\cuntwroad28.dff"
Installing file "modloader\country lightning fix by inari lú\cuntwroad29.dff"
Installing file "modloader\country lightning fix by inari lú\cuntwroad30.dff"
Installing file "modloader\country lightning fix by inari lú\cuntwroad31.dff"
Installing file "modloader\country lightning fix by inari lú\cuntwroad32.dff"
Installing file "modloader\country lightning fix by inari lú\cuntwroad33.dff"
Installing file "modloader\country lightning fix by inari lú\cuntwroad34.dff"
Installing file "modloader\country lightning fix by inari lú\cuntwroad35.dff"
Installing file "modloader\country lightning fix by inari lú\cuntwroad36.dff"
Installing file "modloader\country lightning fix by inari lú\cuntwroad37.dff"
Installing file "modloader\country lightning fix by inari lú\cuntwroad38.dff"
Installing file "modloader\country lightning fix by inari lú\cuntwroad39.dff"
Installing file "modloader\country lightning fix by inari lú\cuntwroad40.dff"
Installing file "modloader\country lightning fix by inari lú\cuntwroad41.dff"
Installing file "modloader\country lightning fix by inari lú\cuntwroad42.dff"
Installing file "modloader\country lightning fix by inari lú\cuntwroad43.dff"
Installing file "modloader\country lightning fix by inari lú\cuntwroad44.dff"
Installing file "modloader\country lightning fix by inari lú\cuntwroad45.dff"
Installing file "modloader\country lightning fix by inari lú\cuntwroad46.dff"
Installing file "modloader\country lightning fix by inari lú\cuntwroad47.dff"
Installing file "modloader\country lightning fix by inari lú\cuntwroad48.dff"
Installing file "modloader\country lightning fix by inari lú\cuntwroad49.dff"
Installing file "modloader\country lightning fix by inari lú\cuntwroad50.dff"
Installing file "modloader\country lightning fix by inari lú\cuntwroad51.dff"
Installing file "modloader\country lightning fix by inari lú\cuntwroad52.dff"
Installing file "modloader\country lightning fix by inari lú\cuntwroad53.dff"
Installing file "modloader\country lightning fix by inari lú\cuntwroad54.dff"
Installing file "modloader\country lightning fix by inari lú\cuntwroad55.dff"
Installing file "modloader\country lightning fix by inari lú\cuntwroad56.dff"
Installing file "modloader\country lightning fix by inari lú\cuntwroad57.dff"
Installing file "modloader\country lightning fix by inari lú\cuntwroad58.dff"
Installing file "modloader\country lightning fix by inari lú\cuntwroad59.dff"
Installing file "modloader\country lightning fix by inari lú\cuntwroad60.dff"
Installing file "modloader\country lightning fix by inari lú\cuntwroad61.dff"
Installing file "modloader\country lightning fix by inari lú\cuntwroad63.dff"
Installing file "modloader\country lightning fix by inari lú\cuntwroad64.dff"
Installing file "modloader\country lightning fix by inari lú\cuntwroad65.dff"
Installing file "modloader\country lightning fix by inari lú\cuntwroad66.dff"
Installing file "modloader\country lightning fix by inari lú\cuntwroad67.dff"
Installing file "modloader\country lightning fix by inari lú\cuntwroad68.dff"
Installing file "modloader\country lightning fix by inari lú\cuntwroad69.dff"
Installing file "modloader\country lightning fix by inari lú\cuntwroad70.dff"
Installing file "modloader\country lightning fix by inari lú\cuntwroad71.dff"
Installing file "modloader\country lightning fix by inari lú\cuntwroad72.dff"
Installing file "modloader\country lightning fix by inari lú\cuntwroad73.dff"
Installing file "modloader\country lightning fix by inari lú\cuntwroad74.dff"
Installing file "modloader\country lightning fix by inari lú\cuntybitx.dff"
Installing file "modloader\country lightning fix by inari lú\cuntytunnel.dff"
Installing file "modloader\country lightning fix by inari lú\cuntytunnel2.dff"
Installing file "modloader\country lightning fix by inari lú\cutnwplant09.dff"
Installing file "modloader\country lightning fix by inari lú\cutnwplant10.dff"
Installing file "modloader\country lightning fix by inari lú\cw2_garage.dff"
Installing file "modloader\country lightning fix by inari lú\cw2_garagecanopy.dff"
Installing file "modloader\country lightning fix by inari lú\cw2_genstore.dff"
Installing file "modloader\country lightning fix by inari lú\cw_bigbarn02.dff"
Installing file "modloader\country lightning fix by inari lú\cw_bigbarn03.dff"
Installing file "modloader\country lightning fix by inari lú\cw_corrug01.dff"
Installing file "modloader\country lightning fix by inari lú\cw_fueldrum03.dff"
Installing file "modloader\country lightning fix by inari lú\cw_haypile05.dff"
Installing file "modloader\country lightning fix by inari lú\cw_silo01.dff"
Installing file "modloader\country lightning fix by inari lú\cw_silo02.dff"
Installing file "modloader\country lightning fix by inari lú\cw_silo03.dff"
Installing file "modloader\country lightning fix by inari lú\cwsthseing26.dff"
Installing file "modloader\country lightning fix by inari lú\dirtover.dff"
Installing file "modloader\country lightning fix by inari lú\farmhouse01.dff"
Installing file "modloader\country lightning fix by inari lú\farmhouse02.dff"
Installing file "modloader\country lightning fix by inari lú\lawestbridge_law.dff"
Installing file "modloader\country lightning fix by inari lú\lodcuntw01.dff"
Installing file "modloader\country lightning fix by inari lú\lodcuntw02.dff"
Installing file "modloader\country lightning fix by inari lú\lodcuntw03.dff"
Installing file "modloader\country lightning fix by inari lú\lodcuntw04.dff"
Installing file "modloader\country lightning fix by inari lú\lodcuntw05.dff"
Installing file "modloader\country lightning fix by inari lú\lodcuntw06.dff"
Installing file "modloader\country lightning fix by inari lú\lodcuntw07.dff"
Installing file "modloader\country lightning fix by inari lú\lodcuntw08.dff"
Installing file "modloader\country lightning fix by inari lú\lodcuntw09.dff"
Installing file "modloader\country lightning fix by inari lú\lodcuntw10.dff"
Installing file "modloader\country lightning fix by inari lú\lodcuntw11.dff"
Installing file "modloader\country lightning fix by inari lú\lodcuntw12.dff"
Installing file "modloader\country lightning fix by inari lú\lodcuntw13.dff"
Installing file "modloader\country lightning fix by inari lú\lodcuntw14.dff"
Installing file "modloader\country lightning fix by inari lú\lodcuntw15.dff"
Installing file "modloader\country lightning fix by inari lú\lodcuntw16.dff"
Installing file "modloader\country lightning fix by inari lú\lodcuntw17.dff"
Installing file "modloader\country lightning fix by inari lú\lodcuntw18.dff"
Installing file "modloader\country lightning fix by inari lú\lodcuntw19.dff"
Installing file "modloader\country lightning fix by inari lú\lodcuntw20.dff"
Installing file "modloader\country lightning fix by inari lú\lodcuntw21.dff"
Installing file "modloader\country lightning fix by inari lú\lodcuntw22.dff"
Installing file "modloader\country lightning fix by inari lú\lodcuntw23.dff"
Installing file "modloader\country lightning fix by inari lú\lodcuntw24.dff"
Installing file "modloader\country lightning fix by inari lú\lodcuntw25.dff"
Installing file "modloader\country lightning fix by inari lú\lodcuntw26.dff"
Installing file "modloader\country lightning fix by inari lú\lodcuntw27.dff"
Installing file "modloader\country lightning fix by inari lú\lodcuntw28.dff"
Installing file "modloader\country lightning fix by inari lú\lodcuntw29.dff"
Installing file "modloader\country lightning fix by inari lú\lodcuntw30.dff"
Installing file "modloader\country lightning fix by inari lú\lodcuntw31.dff"
Installing file "modloader\country lightning fix by inari lú\lodcuntw32.dff"
Installing file "modloader\country lightning fix by inari lú\lodcuntw33.dff"
Installing file "modloader\country lightning fix by inari lú\lodcuntw35.dff"
Installing file "modloader\country lightning fix by inari lú\lodcuntw36.dff"
Installing file "modloader\country lightning fix by inari lú\lodcuntw37.dff"
Installing file "modloader\country lightning fix by inari lú\lodcuntw38.dff"
Installing file "modloader\country lightning fix by inari lú\lodcuntw39.dff"
Installing file "modloader\country lightning fix by inari lú\lodcuntw40.dff"
Installing file "modloader\country lightning fix by inari lú\lodcuntw41.dff"
Installing file "modloader\country lightning fix by inari lú\lodcuntw42.dff"
Installing file "modloader\country lightning fix by inari lú\lodcuntw43.dff"
Installing file "modloader\country lightning fix by inari lú\lodcuntw44.dff"
Installing file "modloader\country lightning fix by inari lú\lodcuntw45.dff"
Installing file "modloader\country lightning fix by inari lú\lodcuntw46.dff"
Installing file "modloader\country lightning fix by inari lú\lodcuntw47.dff"
Installing file "modloader\country lightning fix by inari lú\lodcuntw48.dff"
Installing file "modloader\country lightning fix by inari lú\lodcuntw49.dff"
Installing file "modloader\country lightning fix by inari lú\lodcuntw50.dff"
Installing file "modloader\country lightning fix by inari lú\lodcuntw51.dff"
Installing file "modloader\country lightning fix by inari lú\lodcuntw52.dff"
Installing file "modloader\country lightning fix by inari lú\lodcuntw53.dff"
Installing file "modloader\country lightning fix by inari lú\lodcuntw54.dff"
Installing file "modloader\country lightning fix by inari lú\lodcuntw55.dff"
Installing file "modloader\country lightning fix by inari lú\lodcuntw56.dff"
Installing file "modloader\country lightning fix by inari lú\lodcuntw57.dff"
Installing file "modloader\country lightning fix by inari lú\lodcuntw58.dff"
Installing file "modloader\country lightning fix by inari lú\lodcuntw60.dff"
Installing file "modloader\country lightning fix by inari lú\lodcuntw61.dff"
Installing file "modloader\country lightning fix by inari lú\lodcuntw63.dff"
Installing file "modloader\country lightning fix by inari lú\lodcuntw64.dff"
Installing file "modloader\country lightning fix by inari lú\lodcuntw65.dff"
Installing file "modloader\country lightning fix by inari lú\lodcuntw66.dff"
Installing file "modloader\country lightning fix by inari lú\lodcuntw67.dff"
Installing file "modloader\country lightning fix by inari lú\lodcuntw68.dff"
Installing file "modloader\country lightning fix by inari lú\lodcuntw69.dff"
Installing file "modloader\country lightning fix by inari lú\lodcuntw70.dff"
Installing file "modloader\country lightning fix by inari lú\lodcuntw71.dff"
Installing file "modloader\country lightning fix by inari lú\lodcuntwroad01.dff"
Installing file "modloader\country lightning fix by inari lú\lodcuntwroad02.dff"
Installing file "modloader\country lightning fix by inari lú\lodcuntwroad03.dff"
Installing file "modloader\country lightning fix by inari lú\lodcuntwroad04.dff"
Installing file "modloader\country lightning fix by inari lú\lodcuntwroad05.dff"
Installing file "modloader\country lightning fix by inari lú\lodcuntwroad06.dff"
Installing file "modloader\country lightning fix by inari lú\lodcuntwroad07.dff"
Installing file "modloader\country lightning fix by inari lú\lodcuntwroad08.dff"
Installing file "modloader\country lightning fix by inari lú\lodcuntwroad09.dff"
Installing file "modloader\country lightning fix by inari lú\lodcuntwroad10.dff"
Installing file "modloader\country lightning fix by inari lú\lodcuntwroad11.dff"
Installing file "modloader\country lightning fix by inari lú\lodcuntwroad12.dff"
Installing file "modloader\country lightning fix by inari lú\lodcuntwroad13.dff"
Installing file "modloader\country lightning fix by inari lú\lodcuntwroad14.dff"
Installing file "modloader\country lightning fix by inari lú\lodcuntwroad15.dff"
Installing file "modloader\country lightning fix by inari lú\lodcuntwroad19.dff"
Installing file "modloader\country lightning fix by inari lú\lodcuntwroad20.dff"
Installing file "modloader\country lightning fix by inari lú\lodcuntwroad21.dff"
Installing file "modloader\country lightning fix by inari lú\lodcuntwroad22.dff"
Installing file "modloader\country lightning fix by inari lú\lodcuntwroad23.dff"
Installing file "modloader\country lightning fix by inari lú\lodcuntwroad24.dff"
Installing file "modloader\country lightning fix by inari lú\lodcuntwroad25.dff"
Installing file "modloader\country lightning fix by inari lú\lodcuntwroad26.dff"
Installing file "modloader\country lightning fix by inari lú\lodcuntwroad27.dff"
Installing file "modloader\country lightning fix by inari lú\lodcuntwroad28.dff"
Installing file "modloader\country lightning fix by inari lú\lodcuntwroad29.dff"
Installing file "modloader\country lightning fix by inari lú\lodcuntwroad30.dff"
Installing file "modloader\country lightning fix by inari lú\lodcuntwroad31.dff"
Installing file "modloader\country lightning fix by inari lú\lodcuntwroad32.dff"
Installing file "modloader\country lightning fix by inari lú\lodcuntwroad33.dff"
Installing file "modloader\country lightning fix by inari lú\lodcuntwroad34.dff"
Installing file "modloader\country lightning fix by inari lú\lodcuntwroad35.dff"
Installing file "modloader\country lightning fix by inari lú\lodcuntwroad36.dff"
Installing file "modloader\country lightning fix by inari lú\lodcuntwroad37.dff"
Installing file "modloader\country lightning fix by inari lú\lodcuntwroad38.dff"
Installing file "modloader\country lightning fix by inari lú\lodcuntwroad39.dff"
Installing file "modloader\country lightning fix by inari lú\lodcuntwroad40.dff"
Installing file "modloader\country lightning fix by inari lú\lodcuntwroad41.dff"
Installing file "modloader\country lightning fix by inari lú\lodcuntwroad42.dff"
Installing file "modloader\country lightning fix by inari lú\lodcuntwroad43.dff"
Installing file "modloader\country lightning fix by inari lú\lodcuntwroad44.dff"
Installing file "modloader\country lightning fix by inari lú\lodcuntwroad45.dff"
Installing file "modloader\country lightning fix by inari lú\lodcuntwroad46.dff"
Installing file "modloader\country lightning fix by inari lú\lodcuntwroad47.dff"
Installing file "modloader\country lightning fix by inari lú\lodcuntwroad48.dff"
Installing file "modloader\country lightning fix by inari lú\lodcuntwroad49.dff"
Installing file "modloader\country lightning fix by inari lú\lodcuntwroad50.dff"
Installing file "modloader\country lightning fix by inari lú\lodcuntwroad51.dff"
Installing file "modloader\country lightning fix by inari lú\lodcuntwroad52.dff"
Installing file "modloader\country lightning fix by inari lú\lodcuntwroad53.dff"
Installing file "modloader\country lightning fix by inari lú\lodcuntwroad54.dff"
Installing file "modloader\country lightning fix by inari lú\lodcuntwroad55.dff"
Installing file "modloader\country lightning fix by inari lú\lodcuntwroad56.dff"
Installing file "modloader\country lightning fix by inari lú\lodcuntwroad57.dff"
Installing file "modloader\country lightning fix by inari lú\lodcuntwroad58.dff"
Installing file "modloader\country lightning fix by inari lú\lodcuntwroad59.dff"
Installing file "modloader\country lightning fix by inari lú\lodcuntwroad60.dff"
Installing file "modloader\country lightning fix by inari lú\lodcuntwroad61.dff"
Installing file "modloader\country lightning fix by inari lú\lodcuntwroad62.dff"
Installing file "modloader\country lightning fix by inari lú\lodcuntwroad63.dff"
Installing file "modloader\country lightning fix by inari lú\lodcuntwroad64.dff"
Installing file "modloader\country lightning fix by inari lú\lodcuntwroad65.dff"
Installing file "modloader\country lightning fix by inari lú\lodcuntwroad66.dff"
Installing file "modloader\country lightning fix by inari lú\lodcuntwroad67.dff"
Installing file "modloader\country lightning fix by inari lú\lodcuntwroad68.dff"
Installing file "modloader\country lightning fix by inari lú\lodcuntwroad69.dff"
Installing file "modloader\country lightning fix by inari lú\lodcuntwroad70.dff"
Installing file "modloader\country lightning fix by inari lú\lodcuntwroad71.dff"
Installing file "modloader\country lightning fix by inari lú\lodcuntwroad72.dff"
Installing file "modloader\country lightning fix by inari lú\lodcuntwroad73.dff"
Installing file "modloader\country lightning fix by inari lú\lodcuntwroad74.dff"
Installing file "modloader\country lightning fix by inari lú\lodcuntwroad75.dff"
Installing file "modloader\country lightning fix by inari lú\lodcuntwroad76.dff"
Installing file "modloader\country lightning fix by inari lú\lodsmltrukext.dff"
Installing file "modloader\country lightning fix by inari lú\rockovergay.dff"
Installing file "modloader\country lightning fix by inari lú\sbcuntwland44b.dff"
Installing file "modloader\country lightning fix by inari lú\sjmoldbarn03.dff"
Installing file "modloader\country lightning fix by inari lú\sjmoldbarn04.dff"
Installing file "modloader\country lightning fix by inari lú\smltrukext.dff"
Installing file "modloader\country lightning fix by inari lú\wt6supps01.dff"
Installing file "modloader\country lightning fix by inari lú\xoverelaya.dff"
Installing file "modloader\country lightning fix by inari lú\xoverlay_rock.dff"
Installing file "modloader\country lightning fix by inari lú\xoverlaydrt.dff"
Installing file "modloader\country lightning fix by inari lú\xoverlaymap01.dff"
Installing file "modloader\country lightning fix by inari lú\xoverlaymap02.dff"
Installing file "modloader\country lightning fix by inari lú\xoverlaymap03.dff"
Installing file "modloader\country lightning fix by inari lú\xoverlaymap04.dff"
Installing file "modloader\country lightning fix by inari lú\xoverlaymap05.dff"
Installing file "modloader\country lightning fix by inari lú\xoverlaymap06.dff"
Installing file "modloader\country lightning fix by inari lú\xoverlaymap07.dff"
Installing file "modloader\country lightning fix by inari lú\xoverlaymap07b.dff"
Installing file "modloader\country lightning fix by inari lú\xoverlaymap08.dff"
Installing file "modloader\country lightning fix by inari lú\xoverlaymap09.dff"
Installing file "modloader\country lightning fix by inari lú\xoverlaymap10.dff"
Installing file "modloader\country lightning fix by inari lú\xoverlaymap13.dff"
Installing file "modloader\country lightning fix by inari lú\xxcliffx.dff"
Installing file "modloader\country lightning fix by inari lú\xxovr2.dff"
Installing file "modloader\country lightning fix by inari lú\xxxc01.dff"
Installing file "modloader\country lightning fix by inari lú\xxxd.dff"
Installing file "modloader\country lightning fix by inari lú\xxxe.dff"
Installing file "modloader\country lightning fix by inari lú\xxxover.dff"
Installing file "modloader\country lightning fix by inari lú\xxxtra2.dff"
Installing file "modloader\country lightning fix by inari lú\xxxxxxtra.dff"
Installing file "modloader\country lightning fix by inari lú\xxxxxxxxa.dff"
Installing file "modloader\country lightning fix by inari lú\xxxza.dff"
Installing file "modloader\country lightning fix by inari lú\xxxzc.dff"
Updating state for "modloader\enterable hidden interiors repatched\"...
Installing file "modloader\enterable hidden interiors repatched\cleo\cleo_text\ehi.fxt"
Installing file "modloader\enterable hidden interiors repatched\cleo\ehi_repatched.cs"
Installing file "modloader\enterable hidden interiors repatched\cleo\tuninga.cm"
Installing file "modloader\enterable hidden interiors repatched\data\loader.txt"
Installing file "modloader\enterable hidden interiors repatched\data\maps\ehi\ehi.ipl"
Installing file "modloader\enterable hidden interiors repatched\data\maps\leveldes\levelmap.ide"
Installing file "modloader\enterable hidden interiors repatched\models\gta3.img\cj_custom_bar.dff"
Installing file "modloader\enterable hidden interiors repatched\models\gta3.img\countn2_5.col"
Installing file "modloader\enterable hidden interiors repatched\models\gta3.img\countrye_13.col"
Installing file "modloader\enterable hidden interiors repatched\models\gta3.img\des_a51infenc.dff"
Installing file "modloader\enterable hidden interiors repatched\models\gta3.img\hubinterior_sfs.dff"
Installing file "modloader\enterable hidden interiors repatched\models\gta3.img\lan2_1.col"
Installing file "modloader\enterable hidden interiors repatched\models\gta3.img\laxref.col"
Installing file "modloader\enterable hidden interiors repatched\models\gta3.img\levelmap_1.col"
Installing file "modloader\enterable hidden interiors repatched\models\gta3.img\oldgarage_sfs.dff"
Installing file "modloader\enterable hidden interiors repatched\models\gta3.img\sfse_12.col"
Installing file "modloader\enterable hidden interiors repatched\models\gta3.img\skyscrapn203_gls.dff"
Installing file "modloader\enterable hidden interiors repatched\models\gta3.img\sw_gas01.dff"
Installing file "modloader\enterable hidden interiors repatched\models\gta_int.img\ab_mafsuitedoor.dff"
Installing file "modloader\enterable hidden interiors repatched\models\gta_int.img\gen_int3_1.col"
Installing file "modloader\enterable hidden interiors repatched\models\gta_int.img\gen_int4_1.col"
Installing file "modloader\enterable hidden interiors repatched\models\gta_int.img\gen_int5_1.col"
Installing file "modloader\enterable hidden interiors repatched\models\gta_int.img\gen_int5_2.col"
Installing file "modloader\enterable hidden interiors repatched\models\gta_int.img\gen_intb_2.col"
Installing file "modloader\enterable hidden interiors repatched\models\gta_int.img\int_cont_1.col"
Installing file "modloader\enterable hidden interiors repatched\models\gta_int.img\int_la_2.col"
Installing file "modloader\enterable hidden interiors repatched\models\gta_int.img\int_la_4.col"
Installing file "modloader\enterable hidden interiors repatched\models\gta_int.img\int_veg_1.col"
Installing file "modloader\enterable hidden interiors repatched\models\gta_int.img\props.col"
Installing file "modloader\enterable hidden interiors repatched\models\gta_int.img\props2.col"
Updating state for "modloader\proper fixes - legacy fix for rosa october 2025 or older\"...
Installing file "modloader\proper fixes - legacy fix for rosa october 2025 or older\country_breakable.txd"
Installing file "modloader\proper fixes - legacy fix for rosa october 2025 or older\cxrf_indstuff.txd"
Installing file "modloader\proper fixes - legacy fix for rosa october 2025 or older\loader.txt"
Installing file "modloader\proper fixes - legacy fix for rosa october 2025 or older\pylons.txd"
Installing file "modloader\proper fixes - legacy fix for rosa october 2025 or older\refinery.txd"
Installing file "modloader\proper fixes - legacy fix for rosa october 2025 or older\sa optimized map - legacy fix.ide"
Updating gta3.std.data state...
Parsing readme file "modloader\gps redux\sa.gps.log.txt"
Parsing readme file "modloader\bullet hole mod\léeme-readme.txt"
Parsing cached readme data for "modloader\real ped overhaul\loader.txt"
Found cached level file line for 'modloader\real ped overhaul\loader.txt':3
Found cached level file line for 'modloader\real ped overhaul\loader.txt':4
Found cached level file line for 'modloader\real ped overhaul\loader.txt':5
Parsing readme file "modloader\real ped overhaul\readme.txt"
Parsing cached readme data for "modloader\proper player retex 3.0\1-do not put in modpacks.txt"
Parsing cached readme data for "modloader\proper player retex 3.0\leiame (ou morra).txt"
Parsing cached readme data for "modloader\proper player retex 3.0\readme (or die).txt"
Parsing cached readme data for "modloader\rosa project evolved - cutscene\files\cutscene_loader.txt"
Found cached level file line for 'modloader\rosa project evolved - cutscene\files\cutscene_loader.txt':1
Parsing cached readme data for "modloader\rosa project evolved - interior\files\interior_loader.txt"
Found cached level file line for 'modloader\rosa project evolved - interior\files\interior_loader.txt':1
Parsing cached readme data for "modloader\rosa project evolved -  exterior\files\world_loader.txt"
Found cached level file line for 'modloader\rosa project evolved -  exterior\files\world_loader.txt':1
Found cached level file line for 'modloader\rosa project evolved -  exterior\files\world_loader.txt':2
Found cached level file line for 'modloader\rosa project evolved -  exterior\files\world_loader.txt':3
Found cached level file line for 'modloader\rosa project evolved -  exterior\files\world_loader.txt':4
Found cached level file line for 'modloader\rosa project evolved -  exterior\files\world_loader.txt':5
Parsing cached readme data for "modloader\enterable hidden interiors repatched\data\loader.txt"
Found cached level file line for 'modloader\enterable hidden interiors repatched\data\loader.txt':3
Parsing cached readme data for "modloader\proper fixes - legacy fix for rosa october 2025 or older\loader.txt"
Found cached level file line for 'modloader\proper fixes - legacy fix for rosa october 2025 or older\loader.txt':1
Done updating gta3.std.data state.
Starting up filesystem watcher...

Mod Loader has started up!

Loading default font values "DATA\FONTS.DAT"
Loading default vehicles handling "HANDLING.CFG"
Loading default surface adhesion limits "data\surface.dat"
Loading default surface infos "data\surfinfo.dat"
Loading default surface audio infos "data\surfaud.dat"
Loading default ped stats "DATA\PEDSTATS.DAT"
Loading default decision maker "RANDOM.ped"
Loading default decision maker "m_norm.ped"
Loading default decision maker "m_plyr.ped"
Loading default decision maker "RANDOM.grp"
Loading default decision maker "MISSION.grp"
Loading default decision maker "GangMbr.ped"
Loading default decision maker "Cop.ped"
Loading default decision maker "R_Norm.ped"
Loading default decision maker "R_Tough.ped"
Loading default decision maker "R_Weak.ped"
Loading default decision maker "Fireman.ped"
Loading default decision maker "m_empty.ped"
Loading default decision maker "Indoors.ped"
Loading default decision maker "RANDOM.grp"
Loading default decision maker "RANDOM2.grp"
Loading custom time cycle properties "modloader\data_sadx3\timecyc.dat"
Loading default population cycle properties "POPCYCLE.DAT"
Warning: SFXPak for some sound file doesn't exist! Using GENRL as default.
Loading default plants surface properties "PLANTS.DAT"
Loading default anim association "DATA\ANIMGRP.DAT"
Opening file for streaming "modloader\rosa project evolved -  exterior\files\models\gta3.img"
Opening file for streaming "modloader\rosa project evolved - interior\files\models\gta_int.img"
Loading default stream config "stream.ini"
Loading default fighting data "DATA\melee.dat"
Preloading level file "DATA\DEFAULT.DAT"
Loading default level file "DATA\DEFAULT.DAT"
Preloading level file "DATA\GTA.DAT"
Loading custom level file "C:\users\crossover\AppData\Local\modloader\1030fd999c\gta3.std.data\0\gta.dat"
Loading preloaded level entries...
The file "modloader\rosa project evolved -  exterior\files\txdp.ide" does not seem to be in the right virtual path, moving from "files\txdp.ide" to "data\maps\txdp.ide"
The file "modloader\proper fixes - legacy fix for rosa october 2025 or older\sa optimized map - legacy fix.ide" does not seem to be in the right virtual path, moving from "sa optimized map - legacy fix.ide" to "data\maps\sa optimized map - legacy fix.ide"
Opening file for streaming "data\paths\carrec.img"
Opening file for streaming "data\script\script.img"
Opening file for streaming "modloader\rosa project evolved - cutscene\files\models\cutscene.img"
Opening file for streaming "modloader\rosa project evolved - cutscene\files\models\proper_cutscene_retex.img"
Opening file for streaming "modloader\rosa project evolved - interior\files\models\proper_interior_retex.img"
Opening file for streaming "modloader\rosa project evolved -  exterior\files\models\rosa_evolved_a.img"
Opening file for streaming "modloader\rosa project evolved -  exterior\files\models\rosa_evolved_b.img"
Opening file for streaming "modloader\rosa project evolved -  exterior\files\models\rosa_evolved_c.img"
Opening file for streaming "modloader\rosa project evolved -  exterior\files\models\rosa_evolved_d.img"
Loading default object types "data\default.ide"
Loading default object types "data\vehicles.ide"
Loading default object types "data\peds.ide"
Loading custom object types "modloader\v_vegetation\data\maps\generic\vegepart.ide"
Loading default object types "data\maps\generic\barriers.ide"
Loading default object types "data\maps\generic\dynamic.ide"
Loading default object types "data\maps\generic\dynamic2.ide"
Loading default object types "data\maps\generic\multiobj.ide"
Loading custom object types "modloader\v_vegetation\data\maps\generic\procobj.ide"
Loading default object types "data\maps\la\lan.ide"
Loading default object types "data\maps\la\lan2.ide"
Loading default object types "data\maps\la\las.ide"
Loading default object types "data\maps\la\las2.ide"
Loading default object types "data\maps\la\lae.ide"
Loading default object types "data\maps\la\lae2.ide"
Loading default object types "data\maps\la\law2.ide"
Loading default object types "data\maps\la\law.ide"
Loading default object types "data\maps\la\lawn.ide"
Loading default object types "data\maps\la\lahills.ide"
Loading default object types "data\maps\la\laxref.ide"
Loading default object types "data\maps\sf\sfn.ide"
Loading default object types "data\maps\sf\sfs.ide"
Loading default object types "data\maps\sf\sfse.ide"
Loading default object types "data\maps\sf\sfe.ide"
Loading default object types "data\maps\sf\sfw.ide"
Loading default object types "data\maps\sf\sfxref.ide"
Loading default object types "data\maps\vegas\vegasn.ide"
Loading default object types "data\maps\vegas\vegass.ide"
Loading default object types "data\maps\vegas\vegase.ide"
Loading default object types "data\maps\vegas\vegasw.ide"
Loading custom object types "modloader\v_vegetation\data\maps\vegas\vegaxref.ide"
Loading default object types "data\maps\country\countryn.ide"
Loading custom object types "modloader\v_vegetation\data\maps\country\countn2.ide"
Loading custom object types "modloader\v_vegetation\data\maps\country\countrys.ide"
Loading default object types "data\maps\country\countrye.ide"
Loading default object types "data\maps\country\countryw.ide"
Loading default object types "data\maps\country\counxref.ide"
Loading default object types "data\maps\interior\int_la.ide"
Loading default object types "data\maps\interior\int_sf.ide"
Loading default object types "data\maps\interior\int_veg.ide"
Loading default object types "data\maps\interior\int_cont.ide"
Loading custom object types "modloader\enterable hidden interiors repatched\data\maps\leveldes\levelmap.ide"
Loading default object types "data\maps\leveldes\levelxre.ide"
Loading default object types "data\maps\interior\gen_int1.ide"
Loading default object types "data\maps\interior\gen_int2.ide"
Loading default object types "data\maps\interior\gen_intb.ide"
Loading default object types "data\maps\interior\gen_int3.ide"
Loading default object types "data\maps\interior\gen_int4.ide"
Loading default object types "data\maps\interior\gen_int5.ide"
Loading default object types "data\maps\interior\savehous.ide"
Loading default object types "data\maps\interior\stadint.ide"
Loading default object types "data\maps\leveldes\seabed.ide"
Loading default object types "data\maps\interior\props.ide"
Loading default object types "data\maps\interior\props2.ide"
Loading default object types "data\maps\interior\propext.ide"
Loading default object types "data\maps\veh_mods\veh_mods.ide"
Loading default object types "data\txdcut.ide"
Loading custom object types "modloader\real ped overhaul\data\maps\mans_with_objects.ide"
Loading custom object types "modloader\rosa project evolved -  exterior\files\txdp.ide"
Loading custom object types "modloader\proper fixes - legacy fix for rosa october 2025 or older\sa optimized map - legacy fix.ide"
Using non-streamed resource "modloader\real ped overhaul\models\metla.col"
Using non-streamed resource "modloader\real ped overhaul\models\minewa.col"
Loading default object data "DATA\OBJECT.DAT"
Loading default vehicle colours "DATA\CARCOLS.DAT"
Loading default vehicle upgrades "DATA\CARMODS.DAT"
Initializing the streaming...
Using fastman92limitadjuster (7A8E0000).
Loading abstract cd directory...
Importing model file for index 14638 at "modloader\enterable hidden interiors repatched\models\gta_int.img\ab_mafsuitedoor.dff"
Importing model file for index 1241 at "modloader\rosa project evolved -  exterior\files\rosa-dff\gta3\adrenaline.dff"
Importing model file for index 355 at "modloader\rosa project evolved -  exterior\files\rosa-dff\gta3\ak47.dff"
Importing model file for index 373 at "modloader\rosa project evolved -  exterior\files\rosa-dff\gta3\armour.dff"
Importing model file for index 763 at "modloader\v_vegetation\files\ash1_hi.dff"
Importing model file for index 882 at "modloader\v_vegetation\files\ash_po.dff"
Importing model file for index 792 at "modloader\v_vegetation\files\aw_streettree1.dff"
Importing model file for index 738 at "modloader\v_vegetation\files\aw_streettree2.dff"
Importing model file for index 737 at "modloader\v_vegetation\files\aw_streettree3.dff"
Importing model file for index 14529 at "modloader\real ped overhaul\models\bagtra1.dff"
Importing model file for index 23035 at "modloader\real ped overhaul\models\bagtra1.txd"
Importing model file for index 18103 at "modloader\real ped overhaul\models\bagtra2.dff"
Importing model file for index 23036 at "modloader\real ped overhaul\models\bagtra2.txd"
Importing model file for index 336 at "modloader\rosa project evolved -  exterior\files\rosa-dff\gta3\bat.dff"
Importing model file for index 20560 at "modloader\v_vegetation\files\bevsa09.txd"
Importing model file for index 704 at "modloader\v_vegetation\files\bg_fir_dead.dff"
Importing model file for index 1274 at "modloader\rosa project evolved -  exterior\files\rosa-dff\gta3\bigdollar.dff"
Importing model file for index 1242 at "modloader\rosa project evolved -  exterior\files\rosa-dff\gta3\bodyarmour.dff"
Importing model file for index 364 at "modloader\rosa project evolved -  exterior\files\rosa-dff\gta3\bomb.dff"
Importing model file for index 331 at "modloader\rosa project evolved -  exterior\files\rosa-dff\gta3\brassknuckle.dff"
Importing model file for index 20595 at "modloader\real ped overhaul\models\breifcase.txd"
Importing model file for index 1247 at "modloader\rosa project evolved -  exterior\files\rosa-dff\gta3\bribe.dff"
Importing model file for index 1210 at "modloader\real ped overhaul\models\briefcase.dff"
Importing model file for index 17453 at "modloader\country lightning fix by inari lú\brownwater.dff"
Importing model file for index 17293 at "modloader\country lightning fix by inari lú\bwidgecuntw.dff"
Importing model file for index 367 at "modloader\rosa project evolved -  exterior\files\rosa-dff\gta3\camera.dff"
Importing model file for index 14467 at "modloader\rosa project evolved - interior\files\models\rosa-dff\gtaint\carter_statue.dff"
Importing model file for index 20575 at "modloader\v_vegetation\files\cdrsa09.txd"
Importing model file for index 736 at "modloader\v_vegetation\files\ceasertree01_lvs.dff"
Importing model file for index 3517 at "modloader\v_vegetation\files\ceasertree02_lvs.dff"
Importing model file for index 766 at "modloader\v_vegetation\files\cedar1_hi.dff"
Importing model file for index 885 at "modloader\v_vegetation\files\cedar1_po.dff"
Importing model file for index 765 at "modloader\v_vegetation\files\cedar2_hi.dff"
Importing model file for index 884 at "modloader\v_vegetation\files\cedar2_po.dff"
Importing model file for index 764 at "modloader\v_vegetation\files\cedar3_hi.dff"
Importing model file for index 883 at "modloader\v_vegetation\files\cedar3_po.dff"
Importing model file for index 13550 at "modloader\country lightning fix by inari lú\cehollyhil16a.dff"
Importing model file for index 13549 at "modloader\country lightning fix by inari lú\cehollyhil17a.dff"
Importing model file for index 330 at "modloader\rosa project evolved -  exterior\files\rosa-dff\gta3\cellphone.dff"
Importing model file for index 341 at "modloader\rosa project evolved -  exterior\files\rosa-dff\gta3\chnsaw.dff"
Importing model file for index 3007 at "modloader\real ped overhaul\models\chopcop_torso.dff"
Importing model file for index 22508 at "modloader\real ped overhaul\models\chopcopx.txd"
Importing model file for index 349 at "modloader\rosa project evolved -  exterior\files\rosa-dff\gta3\chromegun.dff"
Importing model file for index 3970 at "modloader\enterable hidden interiors repatched\models\gta3.img\cj_custom_bar.dff"
Importing model file for index 346 at "modloader\rosa project evolved -  exterior\files\rosa-dff\gta3\colt45.dff"
Importing model file for index 17043 at "modloader\country lightning fix by inari lú\concretearch1.dff"
Importing model file for index 25032 at "modloader\enterable hidden interiors repatched\models\gta3.img\countn2_5.col"
Importing model file for index 22248 at "modloader\proper fixes - legacy fix for rosa october 2025 or older\country_breakable.txd"
Importing model file for index 25062 at "modloader\enterable hidden interiors repatched\models\gta3.img\countrye_13.col"
Importing model file for index 25050 at "modloader\v_vegetation\files\countrys_2.col"
Importing model file for index 25055 at "modloader\v_vegetation\files\countrys_7.col"
Importing model file for index 25057 at "modloader\v_vegetation\files\countrys_9.col"
Importing model file for index 18616 at "modloader\country lightning fix by inari lú\cs_landbit_25_a.dff"
Importing model file for index 18615 at "modloader\country lightning fix by inari lú\cs_landbit_33_a.dff"
Importing model file for index 18614 at "modloader\country lightning fix by inari lú\cs_landbit_44_a.dff"
Importing model file for index 17472 at "modloader\country lightning fix by inari lú\cunt_rocgxp2_04.dff"
Importing model file for index 17025 at "modloader\country lightning fix by inari lú\cunt_rockgp1_.dff"
Importing model file for index 17027 at "modloader\country lightning fix by inari lú\cunt_rockgp1_03.dff"
Importing model file for index 17026 at "modloader\country lightning fix by inari lú\cunt_rockgp2_.dff"
Importing model file for index 17028 at "modloader\country lightning fix by inari lú\cunt_rockgp2_04.dff"
Importing model file for index 17029 at "modloader\country lightning fix by inari lú\cunt_rockgp2_09.dff"
Importing model file for index 17030 at "modloader\country lightning fix by inari lú\cunt_rockgp2_11.dff"
Importing model file for index 17031 at "modloader\country lightning fix by inari lú\cunt_rockgp2_13.dff"
Importing model file for index 17032 at "modloader\country lightning fix by inari lú\cunt_rockgp2_14.dff"
Importing model file for index 17034 at "modloader\country lightning fix by inari lú\cunt_rockgp2_16.dff"
Importing model file for index 17035 at "modloader\country lightning fix by inari lú\cunt_rockgp2_17.dff"
Importing model file for index 17069 at "modloader\country lightning fix by inari lú\cunt_rockgp2_24.dff"
Importing model file for index 17071 at "modloader\country lightning fix by inari lú\cunt_rockgp2_25.dff"
Importing model file for index 17076 at "modloader\country lightning fix by inari lú\cunt_rockgp2_26.dff"
Importing model file for index 17299 at "modloader\country lightning fix by inari lú\cunt_rockgp2_27.dff"
Importing model file for index 17020 at "modloader\country lightning fix by inari lú\cuntfrates02.dff"
Importing model file for index 17019 at "modloader\country lightning fix by inari lú\cuntfrates1.dff"
Importing model file for index 17001 at "modloader\country lightning fix by inari lú\cuntgrsilos.dff"
Importing model file for index 357 at "modloader\rosa project evolved -  exterior\files\rosa-dff\gta3\cuntgun.dff"
Importing model file for index 17013 at "modloader\country lightning fix by inari lú\cuntplant05.dff"
Importing model file for index 17021 at "modloader\country lightning fix by inari lú\cuntplant06.dff"
Importing model file for index 17075 at "modloader\country lightning fix by inari lú\cuntwland01b.dff"
Importing model file for index 17077 at "modloader\country lightning fix by inari lú\cuntwland02b.dff"
Importing model file for index 17308 at "modloader\country lightning fix by inari lú\cuntwland02c.dff"
Importing model file for index 17078 at "modloader\country lightning fix by inari lú\cuntwland03b.dff"
Importing model file for index 17079 at "modloader\country lightning fix by inari lú\cuntwland04b.dff"
Importing model file for index 17080 at "modloader\country lightning fix by inari lú\cuntwland05b.dff"
Importing model file for index 17081 at "modloader\country lightning fix by inari lú\cuntwland06b.dff"
Importing model file for index 17082 at "modloader\country lightning fix by inari lú\cuntwland07b.dff"
Importing model file for index 17083 at "modloader\country lightning fix by inari lú\cuntwland08b.dff"
Importing model file for index 17084 at "modloader\country lightning fix by inari lú\cuntwland09b.dff"
Importing model file for index 17085 at "modloader\country lightning fix by inari lú\cuntwland10bb.dff"
Importing model file for index 17086 at "modloader\country lightning fix by inari lú\cuntwland11b.dff"
Importing model file for index 17087 at "modloader\country lightning fix by inari lú\cuntwland12b.dff"
Importing model file for index 17088 at "modloader\country lightning fix by inari lú\cuntwland13b.dff"
Importing model file for index 17089 at "modloader\country lightning fix by inari lú\cuntwland15b.dff"
Importing model file for index 17090 at "modloader\country lightning fix by inari lú\cuntwland16b.dff"
Importing model file for index 17091 at "modloader\country lightning fix by inari lú\cuntwland17_de.dff"
Importing model file for index 17093 at "modloader\country lightning fix by inari lú\cuntwland19b.dff"
Importing model file for index 17094 at "modloader\country lightning fix by inari lú\cuntwland20b.dff"
Importing model file for index 17095 at "modloader\country lightning fix by inari lú\cuntwland21b.dff"
Importing model file for index 17096 at "modloader\country lightning fix by inari lú\cuntwland22b.dff"
Importing model file for index 17097 at "modloader\country lightning fix by inari lú\cuntwland23b.dff"
Importing model file for index 17098 at "modloader\country lightning fix by inari lú\cuntwland24b.dff"
Importing model file for index 17099 at "modloader\country lightning fix by inari lú\cuntwland25b.dff"
Importing model file for index 17100 at "modloader\country lightning fix by inari lú\cuntwland26b.dff"
Importing model file for index 17101 at "modloader\country lightning fix by inari lú\cuntwland29b.dff"
Importing model file for index 17102 at "modloader\country lightning fix by inari lú\cuntwland31b.dff"
Importing model file for index 17103 at "modloader\country lightning fix by inari lú\cuntwland32b.dff"
Importing model file for index 17104 at "modloader\country lightning fix by inari lú\cuntwland33b.dff"
Importing model file for index 17105 at "modloader\country lightning fix by inari lú\cuntwland34b.dff"
Importing model file for index 17106 at "modloader\country lightning fix by inari lú\cuntwland35b.dff"
Importing model file for index 17107 at "modloader\country lightning fix by inari lú\cuntwland36b.dff"
Importing model file for index 17108 at "modloader\country lightning fix by inari lú\cuntwland37b.dff"
Importing model file for index 17109 at "modloader\country lightning fix by inari lú\cuntwland38b.dff"
Importing model file for index 17110 at "modloader\country lightning fix by inari lú\cuntwland39b.dff"
Importing model file for index 17111 at "modloader\country lightning fix by inari lú\cuntwland40b.dff"
Importing model file for index 17307 at "modloader\country lightning fix by inari lú\cuntwland40c.dff"
Importing model file for index 17113 at "modloader\country lightning fix by inari lú\cuntwland42b.dff"
Importing model file for index 17114 at "modloader\country lightning fix by inari lú\cuntwland45b.dff"
Importing model file for index 17115 at "modloader\country lightning fix by inari lú\cuntwland46b.dff"
Importing model file for index 17116 at "modloader\country lightning fix by inari lú\cuntwland47b.dff"
Importing model file for index 17117 at "modloader\country lightning fix by inari lú\cuntwland48b.dff"
Importing model file for index 17301 at "modloader\country lightning fix by inari lú\cuntwland49b.dff"
Importing model file for index 17118 at "modloader\country lightning fix by inari lú\cuntwland50b.dff"
Importing model file for index 17302 at "modloader\country lightning fix by inari lú\cuntwland51b.dff"
Importing model file for index 17119 at "modloader\country lightning fix by inari lú\cuntwland52b.dff"
Importing model file for index 17294 at "modloader\country lightning fix by inari lú\cuntwland53bd.dff"
Importing model file for index 17121 at "modloader\country lightning fix by inari lú\cuntwland54b.dff"
Importing model file for index 17122 at "modloader\country lightning fix by inari lú\cuntwland55b.dff"
Importing model file for index 17123 at "modloader\country lightning fix by inari lú\cuntwland56bx.dff"
Importing model file for index 17124 at "modloader\country lightning fix by inari lú\cuntwland58b.dff"
Importing model file for index 17125 at "modloader\country lightning fix by inari lú\cuntwland59b.dff"
Importing model file for index 17126 at "modloader\country lightning fix by inari lú\cuntwland60b.dff"
Importing model file for index 17127 at "modloader\country lightning fix by inari lú\cuntwland62b.dff"
Importing model file for index 17128 at "modloader\country lightning fix by inari lú\cuntwland63b.dff"
Importing model file for index 17129 at "modloader\country lightning fix by inari lú\cuntwland64b.dff"
Importing model file for index 17130 at "modloader\country lightning fix by inari lú\cuntwland65b.dff"
Importing model file for index 17131 at "modloader\country lightning fix by inari lú\cuntwland66b.dff"
Importing model file for index 17132 at "modloader\country lightning fix by inari lú\cuntwland67b.dff"
Importing model file for index 17133 at "modloader\country lightning fix by inari lú\cuntwland68b.dff"
Importing model file for index 17134 at "modloader\country lightning fix by inari lú\cuntwland69b.dff"
Importing model file for index 17135 at "modloader\country lightning fix by inari lú\cuntwland70b.dff"
Importing model file for index 17136 at "modloader\country lightning fix by inari lú\cuntwland71b.dff"
Importing model file for index 17137 at "modloader\country lightning fix by inari lú\cuntwland72b.dff"
Importing model file for index 17138 at "modloader\country lightning fix by inari lú\cuntwland73b.dff"
Importing model file for index 17139 at "modloader\country lightning fix by inari lú\cuntwland74b.dff"
Importing model file for index 17140 at "modloader\country lightning fix by inari lú\cuntwland75b.dff"
Importing model file for index 17141 at "modloader\country lightning fix by inari lú\cuntwland76b.dff"
Importing model file for index 17142 at "modloader\country lightning fix by inari lú\cuntwland77b.dff"
Importing model file for index 17143 at "modloader\country lightning fix by inari lú\cuntwland78b.dff"
Importing model file for index 17144 at "modloader\country lightning fix by inari lú\cuntwland79b.dff"
Importing model file for index 17145 at "modloader\country lightning fix by inari lú\cuntwland80b.dff"
Importing model file for index 17092 at "modloader\country lightning fix by inari lú\cuntwland_de.dff"
Importing model file for index 17014 at "modloader\country lightning fix by inari lú\cuntwplant01.dff"
Importing model file for index 17015 at "modloader\country lightning fix by inari lú\cuntwplant07.dff"
Importing model file for index 17017 at "modloader\country lightning fix by inari lú\cuntwplant10.dff"
Importing model file for index 17022 at "modloader\country lightning fix by inari lú\cuntwplant11.dff"
Importing model file for index 17024 at "modloader\country lightning fix by inari lú\cuntwplant12.dff"
Importing model file for index 17289 at "modloader\country lightning fix by inari lú\cuntwrail01.dff"
Importing model file for index 17290 at "modloader\country lightning fix by inari lú\cuntwrail02.dff"
Importing model file for index 17291 at "modloader\country lightning fix by inari lú\cuntwrail03.dff"
Importing model file for index 17292 at "modloader\country lightning fix by inari lú\cuntwrail04.dff"
Importing model file for index 17297 at "modloader\country lightning fix by inari lú\cuntwrail04c.dff"
Importing model file for index 17296 at "modloader\country lightning fix by inari lú\cuntwrail04v.dff"
Importing model file for index 17218 at "modloader\country lightning fix by inari lú\cuntwroad01.dff"
Importing model file for index 17148 at "modloader\country lightning fix by inari lú\cuntwroad02.dff"
Importing model file for index 17150 at "modloader\country lightning fix by inari lú\cuntwroad03.dff"
Importing model file for index 17152 at "modloader\country lightning fix by inari lú\cuntwroad04.dff"
Importing model file for index 17222 at "modloader\country lightning fix by inari lú\cuntwroad05.dff"
Importing model file for index 17156 at "modloader\country lightning fix by inari lú\cuntwroad06.dff"
Importing model file for index 17158 at "modloader\country lightning fix by inari lú\cuntwroad07.dff"
Importing model file for index 17160 at "modloader\country lightning fix by inari lú\cuntwroad08.dff"
Importing model file for index 17162 at "modloader\country lightning fix by inari lú\cuntwroad09.dff"
Importing model file for index 17164 at "modloader\country lightning fix by inari lú\cuntwroad10.dff"
Importing model file for index 17166 at "modloader\country lightning fix by inari lú\cuntwroad11.dff"
Importing model file for index 17168 at "modloader\country lightning fix by inari lú\cuntwroad12.dff"
Importing model file for index 17170 at "modloader\country lightning fix by inari lú\cuntwroad13.dff"
Importing model file for index 17172 at "modloader\country lightning fix by inari lú\cuntwroad14.dff"
Importing model file for index 17174 at "modloader\country lightning fix by inari lú\cuntwroad15.dff"
Importing model file for index 17176 at "modloader\country lightning fix by inari lú\cuntwroad16.dff"
Importing model file for index 17178 at "modloader\country lightning fix by inari lú\cuntwroad17.dff"
Importing model file for index 17180 at "modloader\country lightning fix by inari lú\cuntwroad18.dff"
Importing model file for index 17182 at "modloader\country lightning fix by inari lú\cuntwroad19.dff"
Importing model file for index 17184 at "modloader\country lightning fix by inari lú\cuntwroad20.dff"
Importing model file for index 17186 at "modloader\country lightning fix by inari lú\cuntwroad21.dff"
Importing model file for index 17303 at "modloader\country lightning fix by inari lú\cuntwroad22.dff"
Importing model file for index 17305 at "modloader\country lightning fix by inari lú\cuntwroad23.dff"
Importing model file for index 17188 at "modloader\country lightning fix by inari lú\cuntwroad24.dff"
Importing model file for index 17190 at "modloader\country lightning fix by inari lú\cuntwroad25.dff"
Importing model file for index 17192 at "modloader\country lightning fix by inari lú\cuntwroad26.dff"
Importing model file for index 17194 at "modloader\country lightning fix by inari lú\cuntwroad27.dff"
Importing model file for index 17196 at "modloader\country lightning fix by inari lú\cuntwroad28.dff"
Importing model file for index 17198 at "modloader\country lightning fix by inari lú\cuntwroad29.dff"
Importing model file for index 17200 at "modloader\country lightning fix by inari lú\cuntwroad30.dff"
Importing model file for index 17202 at "modloader\country lightning fix by inari lú\cuntwroad31.dff"
Importing model file for index 17204 at "modloader\country lightning fix by inari lú\cuntwroad32.dff"
Importing model file for index 17250 at "modloader\country lightning fix by inari lú\cuntwroad33.dff"
Importing model file for index 17212 at "modloader\country lightning fix by inari lú\cuntwroad34.dff"
Importing model file for index 17214 at "modloader\country lightning fix by inari lú\cuntwroad35.dff"
Importing model file for index 17216 at "modloader\country lightning fix by inari lú\cuntwroad36.dff"
Importing model file for index 17146 at "modloader\country lightning fix by inari lú\cuntwroad37.dff"
Importing model file for index 17220 at "modloader\country lightning fix by inari lú\cuntwroad38.dff"
Importing model file for index 17256 at "modloader\country lightning fix by inari lú\cuntwroad39.dff"
Importing model file for index 17224 at "modloader\country lightning fix by inari lú\cuntwroad40.dff"
Importing model file for index 17226 at "modloader\country lightning fix by inari lú\cuntwroad41.dff"
Importing model file for index 17228 at "modloader\country lightning fix by inari lú\cuntwroad42.dff"
Importing model file for index 17230 at "modloader\country lightning fix by inari lú\cuntwroad43.dff"
Importing model file for index 17232 at "modloader\country lightning fix by inari lú\cuntwroad44.dff"
Importing model file for index 17234 at "modloader\country lightning fix by inari lú\cuntwroad45.dff"
Importing model file for index 17236 at "modloader\country lightning fix by inari lú\cuntwroad46.dff"
Importing model file for index 17238 at "modloader\country lightning fix by inari lú\cuntwroad47.dff"
Importing model file for index 17240 at "modloader\country lightning fix by inari lú\cuntwroad48.dff"
Importing model file for index 17242 at "modloader\country lightning fix by inari lú\cuntwroad49.dff"
Importing model file for index 17244 at "modloader\country lightning fix by inari lú\cuntwroad50.dff"
Importing model file for index 17246 at "modloader\country lightning fix by inari lú\cuntwroad51.dff"
Importing model file for index 17248 at "modloader\country lightning fix by inari lú\cuntwroad52.dff"
Importing model file for index 17331 at "modloader\country lightning fix by inari lú\cuntwroad53.dff"
Importing model file for index 17252 at "modloader\country lightning fix by inari lú\cuntwroad54.dff"
Importing model file for index 17254 at "modloader\country lightning fix by inari lú\cuntwroad55.dff"
Importing model file for index 17334 at "modloader\country lightning fix by inari lú\cuntwroad56.dff"
Importing model file for index 17258 at "modloader\country lightning fix by inari lú\cuntwroad57.dff"
Importing model file for index 17260 at "modloader\country lightning fix by inari lú\cuntwroad58.dff"
Importing model file for index 17262 at "modloader\country lightning fix by inari lú\cuntwroad59.dff"
Importing model file for index 17326 at "modloader\country lightning fix by inari lú\cuntwroad60.dff"
Importing model file for index 17327 at "modloader\country lightning fix by inari lú\cuntwroad61.dff"
Importing model file for index 17271 at "modloader\country lightning fix by inari lú\cuntwroad63.dff"
Importing model file for index 17333 at "modloader\country lightning fix by inari lú\cuntwroad64.dff"
Importing model file for index 17273 at "modloader\country lightning fix by inari lú\cuntwroad65.dff"
Importing model file for index 17267 at "modloader\country lightning fix by inari lú\cuntwroad66.dff"
Importing model file for index 17269 at "modloader\country lightning fix by inari lú\cuntwroad67.dff"
Importing model file for index 17279 at "modloader\country lightning fix by inari lú\cuntwroad68.dff"
Importing model file for index 17275 at "modloader\country lightning fix by inari lú\cuntwroad69.dff"
Importing model file for index 17277 at "modloader\country lightning fix by inari lú\cuntwroad70.dff"
Importing model file for index 17281 at "modloader\country lightning fix by inari lú\cuntwroad71.dff"
Importing model file for index 17154 at "modloader\country lightning fix by inari lú\cuntwroad72.dff"
Importing model file for index 17210 at "modloader\country lightning fix by inari lú\cuntwroad73.dff"
Importing model file for index 17208 at "modloader\country lightning fix by inari lú\cuntwroad74.dff"
Importing model file for index 17471 at "modloader\country lightning fix by inari lú\cuntybitx.dff"
Importing model file for index 17062 at "modloader\country lightning fix by inari lú\cuntytunnel.dff"
Importing model file for index 17300 at "modloader\country lightning fix by inari lú\cuntytunnel2.dff"
Importing model file for index 17016 at "modloader\country lightning fix by inari lú\cutnwplant09.dff"
Importing model file for index 17023 at "modloader\country lightning fix by inari lú\cutnwplant10.dff"
Importing model file for index 17064 at "modloader\country lightning fix by inari lú\cw2_garage.dff"
Importing model file for index 17065 at "modloader\country lightning fix by inari lú\cw2_garagecanopy.dff"
Importing model file for index 17066 at "modloader\country lightning fix by inari lú\cw2_genstore.dff"
Importing model file for index 18268 at "modloader\v_vegetation\files\cw2_mntfir05.dff"
Importing model file for index 18269 at "modloader\v_vegetation\files\cw2_mntfir11.dff"
Importing model file for index 18270 at "modloader\v_vegetation\files\cw2_mntfir13.dff"
Importing model file for index 18271 at "modloader\v_vegetation\files\cw2_mntfir16.dff"
Importing model file for index 18272 at "modloader\v_vegetation\files\cw2_mntfir27.dff"
Importing model file for index 18273 at "modloader\v_vegetation\files\cw2_weefirz08.dff"
Importing model file for index 17052 at "modloader\country lightning fix by inari lú\cw_bigbarn02.dff"
Importing model file for index 17053 at "modloader\country lightning fix by inari lú\cw_bigbarn03.dff"
Importing model file for index 17056 at "modloader\country lightning fix by inari lú\cw_corrug01.dff"
Importing model file for index 17055 at "modloader\country lightning fix by inari lú\cw_fueldrum03.dff"
Importing model file for index 17059 at "modloader\country lightning fix by inari lú\cw_haypile05.dff"
Importing model file for index 17049 at "modloader\country lightning fix by inari lú\cw_silo01.dff"
Importing model file for index 17050 at "modloader\country lightning fix by inari lú\cw_silo02.dff"
Importing model file for index 17051 at "modloader\country lightning fix by inari lú\cw_silo03.dff"
Importing model file for index 17012 at "modloader\country lightning fix by inari lú\cwsthseing26.dff"
Importing model file for index 22260 at "modloader\proper fixes - legacy fix for rosa october 2025 or older\cxrf_indstuff.txd"
Importing model file for index 16094 at "modloader\enterable hidden interiors repatched\models\gta3.img\des_a51infenc.dff"
Importing model file for index 16060 at "modloader\v_vegetation\files\des_treeline1.dff"
Importing model file for index 16061 at "modloader\v_vegetation\files\des_treeline2.dff"
Importing model file for index 348 at "modloader\rosa project evolved -  exterior\files\rosa-dff\gta3\desert_eagle.dff"
Importing model file for index 1559 at "modloader\rosa project evolved -  exterior\files\rosa-dff\gta3\diamond_3.dff"
Importing model file for index 17455 at "modloader\country lightning fix by inari lú\dirtover.dff"
Importing model file for index 22001 at "modloader\v_vegetation\files\dtlnsa09.txd"
Importing model file for index 773 at "modloader\v_vegetation\files\elmdead_hi.dff"
Importing model file for index 891 at "modloader\v_vegetation\files\elmdead_po.dff"
Importing model file for index 772 at "modloader\v_vegetation\files\elmred_hi.dff"
Importing model file for index 778 at "modloader\v_vegetation\files\elmred_hism.dff"
Importing model file for index 890 at "modloader\v_vegetation\files\elmred_po.dff"
Importing model file for index 893 at "modloader\v_vegetation\files\elmredsm_po.dff"
Importing model file for index 20576 at "modloader\v_vegetation\files\elmsa09.txd"
Importing model file for index 774 at "modloader\v_vegetation\files\elmsparse_hi.dff"
Importing model file for index 780 at "modloader\v_vegetation\files\elmsparse_hism.dff"
Importing model file for index 894 at "modloader\v_vegetation\files\elmsparsesm_po.dff"
Importing model file for index 768 at "modloader\v_vegetation\files\elmtreegrn2_hi.dff"
Importing model file for index 887 at "modloader\v_vegetation\files\elmtreegrn2_po.dff"
Importing model file for index 767 at "modloader\v_vegetation\files\elmtreegrn_hi.dff"
Importing model file for index 782 at "modloader\v_vegetation\files\elmtreegrn_hism.dff"
Importing model file for index 886 at "modloader\v_vegetation\files\elmtreegrn_po.dff"
Importing model file for index 775 at "modloader\v_vegetation\files\elmwee_hi.dff"
Importing model file for index 781 at "modloader\v_vegetation\files\elmwee_hism.dff"
Importing model file for index 895 at "modloader\v_vegetation\files\elmweesm_po.dff"
Importing model file for index 17008 at "modloader\country lightning fix by inari lú\farmhouse01.dff"
Importing model file for index 17335 at "modloader\country lightning fix by inari lú\farmhouse02.dff"
Importing model file for index 366 at "modloader\rosa project evolved -  exterior\files\rosa-dff\gta3\fire_ex.dff"
Importing model file for index 20557 at "modloader\v_vegetation\files\firrsa09.txd"
Importing model file for index 22080 at "modloader\v_vegetation\files\firsa09.txd"
Importing model file for index 664 at "modloader\v_vegetation\files\firtree2.dff"
Importing model file for index 361 at "modloader\rosa project evolved -  exterior\files\rosa-dff\gta3\flame.dff"
Importing model file for index 354 at "modloader\rosa project evolved -  exterior\files\rosa-dff\gta3\flare.dff"
Importing model file for index 325 at "modloader\rosa project evolved -  exterior\files\rosa-dff\gta3\flowera.dff"
Importing model file for index 18692 at "modloader\real ped overhaul\models\gazeta.dff"
Importing model file for index 23028 at "modloader\real ped overhaul\models\gazeta.txd"
Importing model file for index 25223 at "modloader\enterable hidden interiors repatched\models\gta_int.img\gen_int3_1.col"
Importing model file for index 25224 at "modloader\enterable hidden interiors repatched\models\gta_int.img\gen_int4_1.col"
Importing model file for index 25225 at "modloader\enterable hidden interiors repatched\models\gta_int.img\gen_int5_1.col"
Importing model file for index 25226 at "modloader\enterable hidden interiors repatched\models\gta_int.img\gen_int5_2.col"
Importing model file for index 25230 at "modloader\enterable hidden interiors repatched\models\gta_int.img\gen_intb_2.col"
Importing model file for index 333 at "modloader\rosa project evolved -  exterior\files\rosa-dff\gta3\golfclub.dff"
Importing model file for index 342 at "modloader\rosa project evolved -  exterior\files\rosa-dff\gta3\grenade.dff"
Importing model file for index 25730 at "modloader\real ped overhaul\models\guitar.ifp"
Importing model file for index 328 at "modloader\rosa project evolved -  exterior\files\rosa-dff\gta3\gun_boxbig.dff"
Importing model file for index 327 at "modloader\rosa project evolved -  exterior\files\rosa-dff\gta3\gun_boxwee.dff"
Importing model file for index 326 at "modloader\rosa project evolved -  exterior\files\rosa-dff\gta3\gun_cane.dff"
Importing model file for index 20021 at "modloader\real ped overhaul\models\gun_cane.txd"
Importing model file for index 321 at "modloader\rosa project evolved -  exterior\files\rosa-dff\gta3\gun_dildo1.dff"
Importing model file for index 322 at "modloader\rosa project evolved -  exterior\files\rosa-dff\gta3\gun_dildo2.dff"
Importing model file for index 371 at "modloader\rosa project evolved -  exterior\files\rosa-dff\gta3\gun_para.dff"
Importing model file for index 323 at "modloader\rosa project evolved -  exterior\files\rosa-dff\gta3\gun_vibe1.dff"
Importing model file for index 324 at "modloader\rosa project evolved -  exterior\files\rosa-dff\gta3\gun_vibe2.dff"
Importing model file for index 789 at "modloader\v_vegetation\files\hashburytree4sfs.dff"
Importing model file for index 777 at "modloader\v_vegetation\files\hazeltall_hi.dff"
Importing model file for index 776 at "modloader\v_vegetation\files\hazelweetree_hi.dff"
Importing model file for index 892 at "modloader\v_vegetation\files\hazelweetree_po.dff"
Importing model file for index 1240 at "modloader\rosa project evolved -  exterior\files\rosa-dff\gta3\health.dff"
Importing model file for index 360 at "modloader\rosa project evolved -  exterior\files\rosa-dff\gta3\heatseek.dff"
Importing model file for index 20569 at "modloader\v_vegetation\files\hipsa09.txd"
Importing model file for index 11389 at "modloader\enterable hidden interiors repatched\models\gta3.img\hubinterior_sfs.dff"
Importing model file for index 20558 at "modloader\v_vegetation\files\imdesa09.txd"
Importing model file for index 25234 at "modloader\enterable hidden interiors repatched\models\gta_int.img\int_cont_1.col"
Importing model file for index 25236 at "modloader\enterable hidden interiors repatched\models\gta_int.img\int_la_2.col"
Importing model file for index 25238 at "modloader\enterable hidden interiors repatched\models\gta_int.img\int_la_4.col"
Importing model file for index 25240 at "modloader\enterable hidden interiors repatched\models\gta_int.img\int_veg_1.col"
Importing model file for index 369 at "modloader\rosa project evolved -  exterior\files\rosa-dff\gta3\irgoggles.dff"
Importing model file for index 20559 at "modloader\v_vegetation\files\irrisa09.txd"
Importing model file for index 370 at "modloader\rosa project evolved -  exterior\files\rosa-dff\gta3\jetpack.dff"
Importing model file for index 20561 at "modloader\v_vegetation\files\joshsa09.txd"
Importing model file for index 339 at "modloader\rosa project evolved -  exterior\files\rosa-dff\gta3\katana.dff"
Importing model file for index 2903 at "modloader\rosa project evolved -  exterior\files\rosa-dff\gta3\kmb_parachute.dff"
Importing model file for index 335 at "modloader\rosa project evolved -  exterior\files\rosa-dff\gta3\knifecur.dff"
Importing model file for index 25196 at "modloader\enterable hidden interiors repatched\models\gta3.img\lan2_1.col"
Importing model file for index 17002 at "modloader\country lightning fix by inari lú\lawestbridge_law.dff"
Importing model file for index 25172 at "modloader\enterable hidden interiors repatched\models\gta3.img\laxref.col"
Importing model file for index 20577 at "modloader\v_vegetation\files\lcstsa09.txd"
Importing model file for index 25002 at "modloader\enterable hidden interiors repatched\models\gta3.img\levelmap_1.col"
Importing model file for index 20566 at "modloader\v_vegetation\files\lngasa09.txd"
Importing model file for index 769 at "modloader\v_vegetation\files\locust_hi.dff"
Importing model file for index 888 at "modloader\v_vegetation\files\locust_po.dff"
Importing model file for index 788 at "modloader\v_vegetation\files\lod_largefurs05.dff"
Importing model file for index 786 at "modloader\v_vegetation\files\lod_largefurs06.dff"
Importing model file for index 787 at "modloader\v_vegetation\files\lod_largefurs07.dff"
Importing model file for index 784 at "modloader\v_vegetation\files\lod_redwoodgrp.dff"
Importing model file for index 785 at "modloader\v_vegetation\files\lod_vbg_fir_co.dff"
Importing model file for index 783 at "modloader\v_vegetation\files\lod_vegvbbigbrn.dff"
Importing model file for index 17358 at "modloader\country lightning fix by inari lú\lodcuntw01.dff"
Importing model file for index 17359 at "modloader\country lightning fix by inari lú\lodcuntw02.dff"
Importing model file for index 17360 at "modloader\country lightning fix by inari lú\lodcuntw03.dff"
Importing model file for index 17361 at "modloader\country lightning fix by inari lú\lodcuntw04.dff"
Importing model file for index 17362 at "modloader\country lightning fix by inari lú\lodcuntw05.dff"
Importing model file for index 17363 at "modloader\country lightning fix by inari lú\lodcuntw06.dff"
Importing model file for index 17364 at "modloader\country lightning fix by inari lú\lodcuntw07.dff"
Importing model file for index 17365 at "modloader\country lightning fix by inari lú\lodcuntw08.dff"
Importing model file for index 17366 at "modloader\country lightning fix by inari lú\lodcuntw09.dff"
Importing model file for index 17367 at "modloader\country lightning fix by inari lú\lodcuntw10.dff"
Importing model file for index 17368 at "modloader\country lightning fix by inari lú\lodcuntw11.dff"
Importing model file for index 17369 at "modloader\country lightning fix by inari lú\lodcuntw12.dff"
Importing model file for index 17370 at "modloader\country lightning fix by inari lú\lodcuntw13.dff"
Importing model file for index 17371 at "modloader\country lightning fix by inari lú\lodcuntw14.dff"
Importing model file for index 17372 at "modloader\country lightning fix by inari lú\lodcuntw15.dff"
Importing model file for index 17373 at "modloader\country lightning fix by inari lú\lodcuntw16.dff"
Importing model file for index 17374 at "modloader\country lightning fix by inari lú\lodcuntw17.dff"
Importing model file for index 17375 at "modloader\country lightning fix by inari lú\lodcuntw18.dff"
Importing model file for index 17376 at "modloader\country lightning fix by inari lú\lodcuntw19.dff"
Importing model file for index 17473 at "modloader\country lightning fix by inari lú\lodcuntw20.dff"
Importing model file for index 17377 at "modloader\country lightning fix by inari lú\lodcuntw21.dff"
Importing model file for index 17378 at "modloader\country lightning fix by inari lú\lodcuntw22.dff"
Importing model file for index 17379 at "modloader\country lightning fix by inari lú\lodcuntw23.dff"
Importing model file for index 17380 at "modloader\country lightning fix by inari lú\lodcuntw24.dff"
Importing model file for index 17381 at "modloader\country lightning fix by inari lú\lodcuntw25.dff"
Importing model file for index 17382 at "modloader\country lightning fix by inari lú\lodcuntw26.dff"
Importing model file for index 17383 at "modloader\country lightning fix by inari lú\lodcuntw27.dff"
Importing model file for index 17384 at "modloader\country lightning fix by inari lú\lodcuntw28.dff"
Importing model file for index 17385 at "modloader\country lightning fix by inari lú\lodcuntw29.dff"
Importing model file for index 17386 at "modloader\country lightning fix by inari lú\lodcuntw30.dff"
Importing model file for index 17387 at "modloader\country lightning fix by inari lú\lodcuntw31.dff"
Importing model file for index 17388 at "modloader\country lightning fix by inari lú\lodcuntw32.dff"
Importing model file for index 17389 at "modloader\country lightning fix by inari lú\lodcuntw33.dff"
Importing model file for index 17390 at "modloader\country lightning fix by inari lú\lodcuntw35.dff"
Importing model file for index 17391 at "modloader\country lightning fix by inari lú\lodcuntw36.dff"
Importing model file for index 17392 at "modloader\country lightning fix by inari lú\lodcuntw37.dff"
Importing model file for index 17393 at "modloader\country lightning fix by inari lú\lodcuntw38.dff"
Importing model file for index 17394 at "modloader\country lightning fix by inari lú\lodcuntw39.dff"
Importing model file for index 17395 at "modloader\country lightning fix by inari lú\lodcuntw40.dff"
Importing model file for index 17396 at "modloader\country lightning fix by inari lú\lodcuntw41.dff"
Importing model file for index 17397 at "modloader\country lightning fix by inari lú\lodcuntw42.dff"
Importing model file for index 17398 at "modloader\country lightning fix by inari lú\lodcuntw43.dff"
Importing model file for index 17399 at "modloader\country lightning fix by inari lú\lodcuntw44.dff"
Importing model file for index 17400 at "modloader\country lightning fix by inari lú\lodcuntw45.dff"
Importing model file for index 17401 at "modloader\country lightning fix by inari lú\lodcuntw46.dff"
Importing model file for index 17402 at "modloader\country lightning fix by inari lú\lodcuntw47.dff"
Importing model file for index 17403 at "modloader\country lightning fix by inari lú\lodcuntw48.dff"
Importing model file for index 17404 at "modloader\country lightning fix by inari lú\lodcuntw49.dff"
Importing model file for index 17405 at "modloader\country lightning fix by inari lú\lodcuntw50.dff"
Importing model file for index 17406 at "modloader\country lightning fix by inari lú\lodcuntw51.dff"
Importing model file for index 17407 at "modloader\country lightning fix by inari lú\lodcuntw52.dff"
Importing model file for index 17408 at "modloader\country lightning fix by inari lú\lodcuntw53.dff"
Importing model file for index 17409 at "modloader\country lightning fix by inari lú\lodcuntw54.dff"
Importing model file for index 17410 at "modloader\country lightning fix by inari lú\lodcuntw55.dff"
Importing model file for index 17411 at "modloader\country lightning fix by inari lú\lodcuntw56.dff"
Importing model file for index 17412 at "modloader\country lightning fix by inari lú\lodcuntw57.dff"
Importing model file for index 17413 at "modloader\country lightning fix by inari lú\lodcuntw58.dff"
Importing model file for index 17414 at "modloader\country lightning fix by inari lú\lodcuntw60.dff"
Importing model file for index 17415 at "modloader\country lightning fix by inari lú\lodcuntw61.dff"
Importing model file for index 17417 at "modloader\country lightning fix by inari lú\lodcuntw63.dff"
Importing model file for index 17418 at "modloader\country lightning fix by inari lú\lodcuntw64.dff"
Importing model file for index 17419 at "modloader\country lightning fix by inari lú\lodcuntw65.dff"
Importing model file for index 17420 at "modloader\country lightning fix by inari lú\lodcuntw66.dff"
Importing model file for index 17421 at "modloader\country lightning fix by inari lú\lodcuntw67.dff"
Importing model file for index 17422 at "modloader\country lightning fix by inari lú\lodcuntw68.dff"
Importing model file for index 17423 at "modloader\country lightning fix by inari lú\lodcuntw69.dff"
Importing model file for index 17424 at "modloader\country lightning fix by inari lú\lodcuntw70.dff"
Importing model file for index 17425 at "modloader\country lightning fix by inari lú\lodcuntw71.dff"
Importing model file for index 17153 at "modloader\country lightning fix by inari lú\lodcuntwroad01.dff"
Importing model file for index 17151 at "modloader\country lightning fix by inari lú\lodcuntwroad02.dff"
Importing model file for index 17149 at "modloader\country lightning fix by inari lú\lodcuntwroad03.dff"
Importing model file for index 17147 at "modloader\country lightning fix by inari lú\lodcuntwroad04.dff"
Importing model file for index 17155 at "modloader\country lightning fix by inari lú\lodcuntwroad05.dff"
Importing model file for index 17157 at "modloader\country lightning fix by inari lú\lodcuntwroad06.dff"
Importing model file for index 17159 at "modloader\country lightning fix by inari lú\lodcuntwroad07.dff"
Importing model file for index 17179 at "modloader\country lightning fix by inari lú\lodcuntwroad08.dff"
Importing model file for index 17177 at "modloader\country lightning fix by inari lú\lodcuntwroad09.dff"
Importing model file for index 17181 at "modloader\country lightning fix by inari lú\lodcuntwroad10.dff"
Importing model file for index 17161 at "modloader\country lightning fix by inari lú\lodcuntwroad11.dff"
Importing model file for index 17163 at "modloader\country lightning fix by inari lú\lodcuntwroad12.dff"
Importing model file for index 17183 at "modloader\country lightning fix by inari lú\lodcuntwroad13.dff"
Importing model file for index 17185 at "modloader\country lightning fix by inari lú\lodcuntwroad14.dff"
Importing model file for index 17187 at "modloader\country lightning fix by inari lú\lodcuntwroad15.dff"
Importing model file for index 17306 at "modloader\country lightning fix by inari lú\lodcuntwroad19.dff"
Importing model file for index 17255 at "modloader\country lightning fix by inari lú\lodcuntwroad20.dff"
Importing model file for index 17257 at "modloader\country lightning fix by inari lú\lodcuntwroad21.dff"
Importing model file for index 17189 at "modloader\country lightning fix by inari lú\lodcuntwroad22.dff"
Importing model file for index 17253 at "modloader\country lightning fix by inari lú\lodcuntwroad23.dff"
Importing model file for index 17251 at "modloader\country lightning fix by inari lú\lodcuntwroad24.dff"
Importing model file for index 17259 at "modloader\country lightning fix by inari lú\lodcuntwroad25.dff"
Importing model file for index 17249 at "modloader\country lightning fix by inari lú\lodcuntwroad26.dff"
Importing model file for index 17261 at "modloader\country lightning fix by inari lú\lodcuntwroad27.dff"
Importing model file for index 17263 at "modloader\country lightning fix by inari lú\lodcuntwroad28.dff"
Importing model file for index 17264 at "modloader\country lightning fix by inari lú\lodcuntwroad29.dff"
Importing model file for index 17330 at "modloader\country lightning fix by inari lú\lodcuntwroad30.dff"
Importing model file for index 17328 at "modloader\country lightning fix by inari lú\lodcuntwroad31.dff"
Importing model file for index 17332 at "modloader\country lightning fix by inari lú\lodcuntwroad32.dff"
Importing model file for index 17265 at "modloader\country lightning fix by inari lú\lodcuntwroad33.dff"
Importing model file for index 17266 at "modloader\country lightning fix by inari lú\lodcuntwroad34.dff"
Importing model file for index 17268 at "modloader\country lightning fix by inari lú\lodcuntwroad35.dff"
Importing model file for index 17165 at "modloader\country lightning fix by inari lú\lodcuntwroad36.dff"
Importing model file for index 17270 at "modloader\country lightning fix by inari lú\lodcuntwroad37.dff"
Importing model file for index 17272 at "modloader\country lightning fix by inari lú\lodcuntwroad38.dff"
Importing model file for index 17274 at "modloader\country lightning fix by inari lú\lodcuntwroad39.dff"
Importing model file for index 17276 at "modloader\country lightning fix by inari lú\lodcuntwroad40.dff"
Importing model file for index 17278 at "modloader\country lightning fix by inari lú\lodcuntwroad41.dff"
Importing model file for index 17219 at "modloader\country lightning fix by inari lú\lodcuntwroad42.dff"
Importing model file for index 17217 at "modloader\country lightning fix by inari lú\lodcuntwroad43.dff"
Importing model file for index 17215 at "modloader\country lightning fix by inari lú\lodcuntwroad44.dff"
Importing model file for index 17221 at "modloader\country lightning fix by inari lú\lodcuntwroad45.dff"
Importing model file for index 17223 at "modloader\country lightning fix by inari lú\lodcuntwroad46.dff"
Importing model file for index 17225 at "modloader\country lightning fix by inari lú\lodcuntwroad47.dff"
Importing model file for index 17227 at "modloader\country lightning fix by inari lú\lodcuntwroad48.dff"
Importing model file for index 17213 at "modloader\country lightning fix by inari lú\lodcuntwroad49.dff"
Importing model file for index 17229 at "modloader\country lightning fix by inari lú\lodcuntwroad50.dff"
Importing model file for index 17211 at "modloader\country lightning fix by inari lú\lodcuntwroad51.dff"
Importing model file for index 17209 at "modloader\country lightning fix by inari lú\lodcuntwroad52.dff"
Importing model file for index 17207 at "modloader\country lightning fix by inari lú\lodcuntwroad53.dff"
Importing model file for index 17206 at "modloader\country lightning fix by inari lú\lodcuntwroad54.dff"
Importing model file for index 17231 at "modloader\country lightning fix by inari lú\lodcuntwroad55.dff"
Importing model file for index 17233 at "modloader\country lightning fix by inari lú\lodcuntwroad56.dff"
Importing model file for index 17235 at "modloader\country lightning fix by inari lú\lodcuntwroad57.dff"
Importing model file for index 17237 at "modloader\country lightning fix by inari lú\lodcuntwroad58.dff"
Importing model file for index 17239 at "modloader\country lightning fix by inari lú\lodcuntwroad59.dff"
Importing model file for index 17241 at "modloader\country lightning fix by inari lú\lodcuntwroad60.dff"
Importing model file for index 17243 at "modloader\country lightning fix by inari lú\lodcuntwroad61.dff"
Importing model file for index 17245 at "modloader\country lightning fix by inari lú\lodcuntwroad62.dff"
Importing model file for index 17247 at "modloader\country lightning fix by inari lú\lodcuntwroad63.dff"
Importing model file for index 17191 at "modloader\country lightning fix by inari lú\lodcuntwroad64.dff"
Importing model file for index 17193 at "modloader\country lightning fix by inari lú\lodcuntwroad65.dff"
Importing model file for index 17195 at "modloader\country lightning fix by inari lú\lodcuntwroad66.dff"
Importing model file for index 17197 at "modloader\country lightning fix by inari lú\lodcuntwroad67.dff"
Importing model file for index 17199 at "modloader\country lightning fix by inari lú\lodcuntwroad68.dff"
Importing model file for index 17201 at "modloader\country lightning fix by inari lú\lodcuntwroad69.dff"
Importing model file for index 17203 at "modloader\country lightning fix by inari lú\lodcuntwroad70.dff"
Importing model file for index 17205 at "modloader\country lightning fix by inari lú\lodcuntwroad71.dff"
Importing model file for index 17167 at "modloader\country lightning fix by inari lú\lodcuntwroad72.dff"
Importing model file for index 17169 at "modloader\country lightning fix by inari lú\lodcuntwroad73.dff"
Importing model file for index 17171 at "modloader\country lightning fix by inari lú\lodcuntwroad74.dff"
Importing model file for index 17173 at "modloader\country lightning fix by inari lú\lodcuntwroad75.dff"
Importing model file for index 17175 at "modloader\country lightning fix by inari lú\lodcuntwroad76.dff"
Importing model file for index 20579 at "modloader\v_vegetation\files\lodsa09.txd"
Importing model file for index 17350 at "modloader\country lightning fix by inari lú\lodsmltrukext.dff"
Importing model file for index 20568 at "modloader\v_vegetation\files\lrgsa09.txd"
Importing model file for index 20574 at "modloader\v_vegetation\files\lsgrsa09.txd"
Importing model file for index 20564 at "modloader\v_vegetation\files\lubssa09.txd"
Importing model file for index 356 at "modloader\rosa project evolved -  exterior\files\rosa-dff\gta3\m4.dff"
Importing model file for index 25731 at "modloader\real ped overhaul\models\mens_obj.ifp"
Importing model file for index 352 at "modloader\rosa project evolved -  exterior\files\rosa-dff\gta3\micro_uzi.dff"
Importing model file for index 3266 at "modloader\real ped overhaul\models\minewa.dff"
Importing model file for index 23029 at "modloader\real ped overhaul\models\minewa.txd"
Importing model file for index 362 at "modloader\rosa project evolved -  exterior\files\rosa-dff\gta3\minigun.dff"
Importing model file for index 345 at "modloader\rosa project evolved -  exterior\files\rosa-dff\gta3\missile.dff"
Importing model file for index 344 at "modloader\rosa project evolved -  exterior\files\rosa-dff\gta3\molotov.dff"
Importing model file for index 1212 at "modloader\rosa project evolved -  exterior\files\rosa-dff\gta3\money.dff"
Importing model file for index 353 at "modloader\rosa project evolved -  exterior\files\rosa-dff\gta3\mp5lng.dff"
Importing model file for index 17977 at "modloader\real ped overhaul\models\newspa.dff"
Importing model file for index 23030 at "modloader\real ped overhaul\models\newspa.txd"
Importing model file for index 17992 at "modloader\real ped overhaul\models\newspb.dff"
Importing model file for index 23031 at "modloader\real ped overhaul\models\newspb.txd"
Importing model file for index 334 at "modloader\rosa project evolved -  exterior\files\rosa-dff\gta3\nitestick.dff"
Importing model file for index 368 at "modloader\rosa project evolved -  exterior\files\rosa-dff\gta3\nvgoggles.dff"
Importing model file for index 17499 at "modloader\real ped overhaul\models\oldcane.dff"
Importing model file for index 23032 at "modloader\real ped overhaul\models\oldcane.txd"
Importing model file for index 11387 at "modloader\enterable hidden interiors repatched\models\gta3.img\oldgarage_sfs.dff"
Importing model file for index 18691 at "modloader\real ped overhaul\models\paket.dff"
Importing model file for index 23027 at "modloader\real ped overhaul\models\paket.txd"
Importing model file for index 20546 at "modloader\v_vegetation\files\palmssa09.txd"
Importing model file for index 1277 at "modloader\rosa project evolved -  exterior\files\rosa-dff\gta3\pickupsave.dff"
Importing model file for index 770 at "modloader\v_vegetation\files\pinebg_hi.dff"
Importing model file for index 779 at "modloader\v_vegetation\files\pinebg_hism.dff"
Importing model file for index 889 at "modloader\v_vegetation\files\pinebg_po.dff"
Importing model file for index 20545 at "modloader\v_vegetation\files\pinesa09.txd"
Importing model file for index 20578 at "modloader\v_vegetation\files\pinesa09a.txd"
Importing model file for index 659 at "modloader\v_vegetation\files\pinetree01.dff"
Importing model file for index 657 at "modloader\v_vegetation\files\pinetree02.dff"
Importing model file for index 660 at "modloader\v_vegetation\files\pinetree03.dff"
Importing model file for index 658 at "modloader\v_vegetation\files\pinetree04.dff"
Importing model file for index 656 at "modloader\v_vegetation\files\pinetree05.dff"
Importing model file for index 655 at "modloader\v_vegetation\files\pinetree06.dff"
Importing model file for index 661 at "modloader\v_vegetation\files\pinetree07.dff"
Importing model file for index 654 at "modloader\v_vegetation\files\pinetree08.dff"
Importing model file for index 338 at "modloader\rosa project evolved -  exterior\files\rosa-dff\gta3\poolcue.dff"
Importing model file for index 25016 at "modloader\v_vegetation\files\procobj.col"
Importing model file for index 25243 at "modloader\enterable hidden interiors repatched\models\gta_int.img\props.col"
Importing model file for index 25244 at "modloader\enterable hidden interiors repatched\models\gta_int.img\props2.col"
Importing model file for index 22250 at "modloader\proper fixes - legacy fix for rosa october 2025 or older\pylons.txd"
Importing model file for index 20563 at "modloader\v_vegetation\files\rdwdsa09.txd"
Importing model file for index 25732 at "modloader\real ped overhaul\models\reads.ifp"
Importing model file for index 22252 at "modloader\proper fixes - legacy fix for rosa october 2025 or older\refinery.txd"
Importing model file for index 359 at "modloader\rosa project evolved -  exterior\files\rosa-dff\gta3\rocketla.dff"
Importing model file for index 17456 at "modloader\country lightning fix by inari lú\rockovergay.dff"
Importing model file for index 904 at "modloader\v_vegetation\files\sand_josh1.dff"
Importing model file for index 858 at "modloader\v_vegetation\files\sand_josh2.dff"
Importing model file for index 363 at "modloader\rosa project evolved -  exterior\files\rosa-dff\gta3\satchel.dff"
Importing model file for index 350 at "modloader\rosa project evolved -  exterior\files\rosa-dff\gta3\sawnoff.dff"
Importing model file for index 4357 at "modloader\country lightning fix by inari lú\sbcuntwland44b.dff"
Importing model file for index 25100 at "modloader\enterable hidden interiors repatched\models\gta3.img\sfse_12.col"
Importing model file for index 14555 at "modloader\real ped overhaul\models\shobag1.dff"
Importing model file for index 23033 at "modloader\real ped overhaul\models\shobag1.txd"
Importing model file for index 14557 at "modloader\real ped overhaul\models\shobag2.dff"
Importing model file for index 23034 at "modloader\real ped overhaul\models\shobag2.txd"
Importing model file for index 351 at "modloader\rosa project evolved -  exterior\files\rosa-dff\gta3\shotgspa.dff"
Importing model file for index 337 at "modloader\rosa project evolved -  exterior\files\rosa-dff\gta3\shovel.dff"
Importing model file for index 347 at "modloader\rosa project evolved -  exterior\files\rosa-dff\gta3\silenced.dff"
Importing model file for index 17298 at "modloader\country lightning fix by inari lú\sjmoldbarn03.dff"
Importing model file for index 17457 at "modloader\country lightning fix by inari lú\sjmoldbarn04.dff"
Importing model file for index 649 at "modloader\v_vegetation\files\sjmpalm.dff"
Importing model file for index 652 at "modloader\v_vegetation\files\sjmpalmbig.dff"
Importing model file for index 716 at "modloader\v_vegetation\files\sjmpalmbigpv.dff"
Importing model file for index 739 at "modloader\v_vegetation\files\sjmpalmtall.dff"
Importing model file for index 4605 at "modloader\enterable hidden interiors repatched\models\gta3.img\skyscrapn203_gls.dff"
Importing model file for index 673 at "modloader\v_vegetation\files\sm_bevhiltree.dff"
Importing model file for index 717 at "modloader\v_vegetation\files\sm_bevhiltreepv.dff"
Importing model file for index 707 at "modloader\v_vegetation\files\sm_bushvbig.dff"
Importing model file for index 671 at "modloader\v_vegetation\files\sm_bushytree.dff"
Importing model file for index 674 at "modloader\v_vegetation\files\sm_des_josh_lrg1.dff"
Importing model file for index 680 at "modloader\v_vegetation\files\sm_des_josh_lrg2.dff"
Importing model file for index 681 at "modloader\v_vegetation\files\sm_des_josh_sm2.dff"
Importing model file for index 676 at "modloader\v_vegetation\files\sm_des_josh_sml1.dff"
Importing model file for index 687 at "modloader\v_vegetation\files\sm_fir_.dff"
Importing model file for index 689 at "modloader\v_vegetation\files\sm_fir_copse1.dff"
Importing model file for index 690 at "modloader\v_vegetation\files\sm_fir_copse2.dff"
Importing model file for index 686 at "modloader\v_vegetation\files\sm_fir_dead.dff"
Importing model file for index 683 at "modloader\v_vegetation\files\sm_fir_group.dff"
Importing model file for index 685 at "modloader\v_vegetation\files\sm_fir_scabby.dff"
Importing model file for index 688 at "modloader\v_vegetation\files\sm_fir_scabg.dff"
Importing model file for index 881 at "modloader\v_vegetation\files\sm_fir_scabg_po.dff"
Importing model file for index 696 at "modloader\v_vegetation\files\sm_fir_scabt.dff"
Importing model file for index 695 at "modloader\v_vegetation\files\sm_fir_scabtg.dff"
Importing model file for index 697 at "modloader\v_vegetation\files\sm_fir_tall.dff"
Importing model file for index 790 at "modloader\v_vegetation\files\sm_fir_tallgroup.dff"
Importing model file for index 670 at "modloader\v_vegetation\files\sm_firtallded.dff"
Importing model file for index 698 at "modloader\v_vegetation\files\sm_firtbshg.dff"
Importing model file for index 693 at "modloader\v_vegetation\files\sm_redwood_.dff"
Importing model file for index 694 at "modloader\v_vegetation\files\sm_redwoodgrp.dff"
Importing model file for index 669 at "modloader\v_vegetation\files\sm_veg_tree4.dff"
Importing model file for index 691 at "modloader\v_vegetation\files\sm_veg_tree4_big.dff"
Importing model file for index 708 at "modloader\v_vegetation\files\sm_veg_tree4_vbig.dff"
Importing model file for index 672 at "modloader\v_vegetation\files\sm_veg_tree5.dff"
Importing model file for index 700 at "modloader\v_vegetation\files\sm_veg_tree6.dff"
Importing model file for index 703 at "modloader\v_vegetation\files\sm_veg_tree7_big.dff"
Importing model file for index 705 at "modloader\v_vegetation\files\sm_veg_tree7vbig.dff"
Importing model file for index 706 at "modloader\v_vegetation\files\sm_vegvbbig.dff"
Importing model file for index 709 at "modloader\v_vegetation\files\sm_vegvbbigbrn.dff"
Importing model file for index 17072 at "modloader\country lightning fix by inari lú\smltrukext.dff"
Importing model file for index 358 at "modloader\rosa project evolved -  exterior\files\rosa-dff\gta3\sniper.dff"
Importing model file for index 365 at "modloader\rosa project evolved -  exterior\files\rosa-dff\gta3\spraycan.dff"
Importing model file for index 771 at "modloader\v_vegetation\files\sprucetree_hi.dff"
Importing model file for index 20567 at "modloader\v_vegetation\files\strsa09.txd"
Importing model file for index 12853 at "modloader\enterable hidden interiors repatched\models\gta3.img\sw_gas01.dff"
Importing model file for index 343 at "modloader\rosa project evolved -  exterior\files\rosa-dff\gta3\teargas.dff"
Importing model file for index 372 at "modloader\rosa project evolved -  exterior\files\rosa-dff\gta3\tec9.dff"
Importing model file for index 727 at "modloader\v_vegetation\files\tree_hipoly04.dff"
Importing model file for index 729 at "modloader\v_vegetation\files\tree_hipoly07.dff"
Importing model file for index 730 at "modloader\v_vegetation\files\tree_hipoly08.dff"
Importing model file for index 731 at "modloader\v_vegetation\files\tree_hipoly09.dff"
Importing model file for index 735 at "modloader\v_vegetation\files\tree_hipoly09b.dff"
Importing model file for index 732 at "modloader\v_vegetation\files\tree_hipoly10.dff"
Importing model file for index 733 at "modloader\v_vegetation\files\tree_hipoly11.dff"
Importing model file for index 734 at "modloader\v_vegetation\files\tree_hipoly14.dff"
Importing model file for index 726 at "modloader\v_vegetation\files\tree_hipoly19.dff"
Importing model file for index 25733 at "modloader\real ped overhaul\models\trost.ifp"
Importing model file for index 791 at "modloader\v_vegetation\files\vbg_fir_copse.dff"
Importing model file for index 713 at "modloader\v_vegetation\files\veg_bevtree1.dff"
Importing model file for index 714 at "modloader\v_vegetation\files\veg_bevtree2.dff"
Importing model file for index 715 at "modloader\v_vegetation\files\veg_bevtree3.dff"
Importing model file for index 720 at "modloader\v_vegetation\files\veg_largefurs01.dff"
Importing model file for index 721 at "modloader\v_vegetation\files\veg_largefurs02.dff"
Importing model file for index 722 at "modloader\v_vegetation\files\veg_largefurs03.dff"
Importing model file for index 723 at "modloader\v_vegetation\files\veg_largefurs04.dff"
Importing model file for index 724 at "modloader\v_vegetation\files\veg_largefurs05.dff"
Importing model file for index 725 at "modloader\v_vegetation\files\veg_largefurs06.dff"
Importing model file for index 719 at "modloader\v_vegetation\files\veg_largefurs07.dff"
Importing model file for index 648 at "modloader\v_vegetation\files\veg_palm01.dff"
Importing model file for index 621 at "modloader\v_vegetation\files\veg_palm02.dff"
Importing model file for index 622 at "modloader\v_vegetation\files\veg_palm03.dff"
Importing model file for index 620 at "modloader\v_vegetation\files\veg_palm04.dff"
Importing model file for index 645 at "modloader\v_vegetation\files\veg_palmbig14.dff"
Importing model file for index 641 at "modloader\v_vegetation\files\veg_palmkb13.dff"
Importing model file for index 629 at "modloader\v_vegetation\files\veg_palmkb5.dff"
Importing model file for index 634 at "modloader\v_vegetation\files\veg_palmkbb11.dff"
Importing model file for index 623 at "modloader\v_vegetation\files\veg_palwee01.dff"
Importing model file for index 624 at "modloader\v_vegetation\files\veg_palwee02.dff"
Importing model file for index 619 at "modloader\v_vegetation\files\veg_palwee03.dff"
Importing model file for index 615 at "modloader\v_vegetation\files\veg_tree3.dff"
Importing model file for index 616 at "modloader\v_vegetation\files\veg_treea1.dff"
Importing model file for index 618 at "modloader\v_vegetation\files\veg_treea3.dff"
Importing model file for index 617 at "modloader\v_vegetation\files\veg_treeb1.dff"
Importing model file for index 25164 at "modloader\v_vegetation\files\vegaxref.col"
Importing model file for index 25171 at "modloader\v_vegetation\files\vegepart.col"
Importing model file for index 710 at "modloader\v_vegetation\files\vgs_palm01.dff"
Importing model file for index 711 at "modloader\v_vegetation\files\vgs_palm02.dff"
Importing model file for index 712 at "modloader\v_vegetation\files\vgs_palm03.dff"
Importing model file for index 718 at "modloader\v_vegetation\files\vgs_palm04.dff"
Importing model file for index 740 at "modloader\v_vegetation\files\vgs_palmvtall.dff"
Importing model file for index 3511 at "modloader\v_vegetation\files\vgsn_nitree_b01.dff"
Importing model file for index 3512 at "modloader\v_vegetation\files\vgsn_nitree_b02.dff"
Importing model file for index 3507 at "modloader\v_vegetation\files\vgsn_nitree_g01.dff"
Importing model file for index 3508 at "modloader\v_vegetation\files\vgsn_nitree_g02.dff"
Importing model file for index 3509 at "modloader\v_vegetation\files\vgsn_nitree_r01.dff"
Importing model file for index 3510 at "modloader\v_vegetation\files\vgsn_nitree_r02.dff"
Importing model file for index 3505 at "modloader\v_vegetation\files\vgsn_nitree_y01.dff"
Importing model file for index 3506 at "modloader\v_vegetation\files\vgsn_nitree_y02.dff"
Importing model file for index 17007 at "modloader\country lightning fix by inari lú\wt6supps01.dff"
Importing model file for index 17469 at "modloader\country lightning fix by inari lú\xoverelaya.dff"
Importing model file for index 17444 at "modloader\country lightning fix by inari lú\xoverlay_rock.dff"
Importing model file for index 17470 at "modloader\country lightning fix by inari lú\xoverlaydrt.dff"
Importing model file for index 17436 at "modloader\country lightning fix by inari lú\xoverlaymap01.dff"
Importing model file for index 17437 at "modloader\country lightning fix by inari lú\xoverlaymap02.dff"
Importing model file for index 17438 at "modloader\country lightning fix by inari lú\xoverlaymap03.dff"
Importing model file for index 17439 at "modloader\country lightning fix by inari lú\xoverlaymap04.dff"
Importing model file for index 17440 at "modloader\country lightning fix by inari lú\xoverlaymap05.dff"
Importing model file for index 17441 at "modloader\country lightning fix by inari lú\xoverlaymap06.dff"
Importing model file for index 17451 at "modloader\country lightning fix by inari lú\xoverlaymap07.dff"
Importing model file for index 17452 at "modloader\country lightning fix by inari lú\xoverlaymap07b.dff"
Importing model file for index 17443 at "modloader\country lightning fix by inari lú\xoverlaymap08.dff"
Importing model file for index 17448 at "modloader\country lightning fix by inari lú\xoverlaymap09.dff"
Importing model file for index 17450 at "modloader\country lightning fix by inari lú\xoverlaymap10.dff"
Importing model file for index 17442 at "modloader\country lightning fix by inari lú\xoverlaymap13.dff"
Importing model file for index 17468 at "modloader\country lightning fix by inari lú\xxcliffx.dff"
Importing model file for index 17467 at "modloader\country lightning fix by inari lú\xxovr2.dff"
Importing model file for index 17463 at "modloader\country lightning fix by inari lú\xxxc01.dff"
Importing model file for index 17464 at "modloader\country lightning fix by inari lú\xxxd.dff"
Importing model file for index 17461 at "modloader\country lightning fix by inari lú\xxxe.dff"
Importing model file for index 17460 at "modloader\country lightning fix by inari lú\xxxover.dff"
Importing model file for index 17459 at "modloader\country lightning fix by inari lú\xxxtra2.dff"
Importing model file for index 17458 at "modloader\country lightning fix by inari lú\xxxxxxtra.dff"
Importing model file for index 17462 at "modloader\country lightning fix by inari lú\xxxxxxxxa.dff"
Importing model file for index 17466 at "modloader\country lightning fix by inari lú\xxxza.dff"
Importing model file for index 17465 at "modloader\country lightning fix by inari lú\xxxzc.dff"
Abstract cd directory has been loaded.
Loading default scene "data\map.zon"
Loading default scene "data\info.zon"
Loading default scene "data\maps\la\lan.ipl"
Loading default scene "data\maps\la\lan2.ipl"
Loading default scene "data\maps\la\las.ipl"
Loading default scene "data\maps\la\las2.ipl"
Loading default scene "data\maps\la\lae.ipl"
Loading default scene "data\maps\la\lae2.ipl"
Loading default scene "data\maps\la\law.ipl"
Loading default scene "data\maps\la\lawn.ipl"
Loading default scene "data\maps\la\law2.ipl"
Loading default scene "data\maps\la\lahills.ipl"
Loading default scene "data\maps\sf\sfn.ipl"
Loading default scene "data\maps\sf\sfs.ipl"
Loading default scene "data\maps\sf\sfse.ipl"
Loading default scene "data\maps\sf\sfe.ipl"
Loading default scene "data\maps\sf\sfw.ipl"
Loading default scene "data\maps\vegas\vegasn.ipl"
Loading default scene "data\maps\vegas\vegass.ipl"
Loading default scene "data\maps\vegas\vegase.ipl"
Loading default scene "data\maps\vegas\vegasw.ipl"
Loading default scene "data\maps\country\countryn.ipl"
Loading default scene "data\maps\country\countn2.ipl"
Loading default scene "data\maps\country\countrys.ipl"
Loading default scene "data\maps\country\countrye.ipl"
Loading default scene "data\maps\country\countryw.ipl"
Loading default scene "data\maps\interior\int_la.ipl"
Loading default scene "data\maps\interior\int_sf.ipl"
Loading default scene "data\maps\interior\int_veg.ipl"
Loading default scene "data\maps\interior\int_cont.ipl"
Loading default scene "data\maps\interior\gen_int1.ipl"
Loading default scene "data\maps\interior\gen_int2.ipl"
Loading default scene "data\maps\interior\gen_intb.ipl"
Loading default scene "data\maps\interior\gen_int3.ipl"
Loading default scene "data\maps\interior\gen_int4.ipl"
Loading default scene "data\maps\interior\gen_int5.ipl"
Loading default scene "data\maps\interior\stadint.ipl"
Loading default scene "data\maps\interior\savehous.ipl"
Loading default scene "data\maps\leveldes\levelmap.ipl"
Loading default scene "data\maps\leveldes\seabed.ipl"
Loading default scene "data\maps\paths.ipl"
Loading default scene "data\maps\paths2.ipl"
Loading default scene "data\maps\paths3.ipl"
Loading default scene "data\maps\paths4.ipl"
Loading default scene "data\maps\paths5.ipl"
Loading default scene "data\maps\cull.ipl"
Loading default scene "data\maps\tunnels.ipl"
Loading default scene "data\maps\occlusf.ipl"
Loading custom scene "modloader\v_vegetation\data\maps\occluveg.ipl"
Loading default scene "data\maps\occlula.ipl"
Loading default scene "data\maps\occluint.ipl"
Loading default scene "data\maps\audiozon.ipl"
Loading custom scene "modloader\enterable hidden interiors repatched\data\maps\ehi\ehi.ipl"
Loading default train track "data\paths\tracks.dat"
Loading default train track "data\paths\tracks3.dat"
Loading default train track "data\paths\tracks2.dat"
Loading default train track "data\paths\tracks4.dat"
Opening file for streaming "modloader\proper player retex 3.0\models\player.img"
Loading default clothes rules "DATA\CLOTHES.DAT"
Loading default water level "DATA\water.dat"
Loading default ped relationship data "DATA\PED.DAT"
Loading custom weapon data "modloader\rosa project evolved -  exterior\files\data\weapon.dat"
Loading default ped groups "PEDGRP.DAT"
Loading default car groups "CARGRP.DAT"
Loading default action reaction stats "DATA\AR_STATS.DAT"
Loading default stat update conditions "DATA\STATDISP.DAT"
Loading default shopping data "data\shopping.dat"
Starting injected cleo script search 1111B740 for version '0'...
Injecting extra scripts into search 1111B740...
Injecting cleo script "modloader\weaponrecoilauto\cleo\weaponrecoilauto.cs"
Injecting cleo script "modloader\real ped overhaul\cleo\bag.cs"
Injecting cleo script "modloader\real ped overhaul\cleo\briefcase.cs"
Injecting cleo script "modloader\real ped overhaul\cleo\cane.cs"
Injecting cleo script "modloader\real ped overhaul\cleo\newspaper.cs"
Injecting cleo script "modloader\real ped overhaul\cleo\real_peds.cs"
Injecting cleo script "modloader\real ped overhaul\cleo\real_peds2.cs"
Injecting cleo script "modloader\real ped overhaul\cleo\shopping bag.cs"
Injecting cleo script "modloader\real ped overhaul\cleo\taxi.cs"
Injecting cleo script "modloader\dynamic weapon draw sounds\cleo\dynamic weapon draw sound.cs"
Injecting cleo script "modloader\enterable hidden interiors repatched\cleo\ehi_repatched.cs"
Finishing injected cleo script search 1111B740...
Starting injected cleo script search 1111B740 for version '3'...
Finishing injected cleo script search 1111B740...
Starting injected cleo script search 1111B740 for version '4'...
Finishing injected cleo script search 1111B740...
Removing imported model file at index 0
Loading default furniture data "data\furnitur.dat"
Loading default procedural objects "data\procobj.dat"
Loading custom time cycle properties "modloader\data_sadx3\timecyc.dat"
Loading default population cycle properties "POPCYCLE.DAT"
Loading default ped relationship data "DATA\PED.DAT"
Loading custom weapon data "modloader\rosa project evolved -  exterior\files\data\weapon.dat"
Loading default ped groups "PEDGRP.DAT"
Loading default car groups "CARGRP.DAT"
Loading default action reaction stats "DATA\AR_STATS.DAT"
Loading default stat update conditions "DATA\STATDISP.DAT"
Loading default furniture data "data\furnitur.dat"
Loading default procedural objects "data\procobj.dat"
Starting injected cleo script search 116E7300 for version '0'...
Injecting extra scripts into search 116E7300...
Injecting cleo script "modloader\weaponrecoilauto\cleo\weaponrecoilauto.cs"
Injecting cleo script "modloader\real ped overhaul\cleo\bag.cs"
Injecting cleo script "modloader\real ped overhaul\cleo\briefcase.cs"
Injecting cleo script "modloader\real ped overhaul\cleo\cane.cs"
Injecting cleo script "modloader\real ped overhaul\cleo\newspaper.cs"
Injecting cleo script "modloader\real ped overhaul\cleo\real_peds.cs"
Injecting cleo script "modloader\real ped overhaul\cleo\real_peds2.cs"
Injecting cleo script "modloader\real ped overhaul\cleo\shopping bag.cs"
Injecting cleo script "modloader\real ped overhaul\cleo\taxi.cs"
Injecting cleo script "modloader\dynamic weapon draw sounds\cleo\dynamic weapon draw sound.cs"
Injecting cleo script "modloader\enterable hidden interiors repatched\cleo\ehi_repatched.cs"
Finishing injected cleo script search 116E7300...
Starting injected cleo script search 116E7300 for version '3'...
Finishing injected cleo script search 116E7300...
Starting injected cleo script search 116E7300 for version '4'...
Finishing injected cleo script search 116E7300...
Removing imported model file at index 20000
Removing imported model file at index 20001
Removing imported model file at index 20002
Removing imported model file at index 20003
Removing imported model file at index 20000
Removing imported model file at index 20001
Removing imported model file at index 20002
Removing imported model file at index 20003
Removing imported model file at index 20000
Removing imported model file at index 20001
Removing imported model file at index 20002
Removing imported model file at index 20003
Removing imported model file at index 20000
Removing imported model file at index 20001
Removing imported model file at index 20002
Removing imported model file at index 20003
Removing imported model file at index 20000
Removing imported model file at index 20001
Removing imported model file at index 20002
Removing imported model file at index 384
Removing imported model file at index 385
Removing imported model file at index 386
Removing imported model file at index 387
Removing imported model file at index 388
Removing imported model file at index 389
Removing imported model file at index 390
Removing imported model file at index 391
Removing imported model file at index 392
